ReadGroup,CovariateValue,CovariateName,EventType,Observations,Errors,EmpiricalQuality,AverageReportedQuality,Accuracy,Recalibration
20FUKAAXX100202.1,AA,Context,Base Substitution,13,0.00,34.00,34.56,-0.56,BQSR
20FUKAAXX100202.1,CA,Context,Base Substitution,9,0.00,29.00,29.71,-0.71,BQSR
20FUKAAXX100202.1,TA,Context,Base Substitution,1,0.00,30.00,30.00,0.00,BQSR
20FUKAAXX100202.1,AC,Context,Base Substitution,3,0.00,34.00,34.31,-0.31,BQSR
20FUKAAXX100202.1,GC,Context,Base Substitution,1,0.00,20.00,20.00,0.00,BQSR
20FUKAAXX100202.1,TC,Context,Base Substitution,1,0.00,10.00,10.00,0.00,BQSR
20FUKAAXX100202.1,GG,Context,Base Substitution,1,0.00,20.00,20.00,0.00,BQSR
20FUKAAXX100202.1,TG,Context,Base Substitution,3,0.00,31.00,31.31,-0.31,BQSR
20FUKAAXX100202.1,AT,Context,Base Substitution,1,0.00,38.00,38.00,0.00,BQSR
20FUKAAXX100202.1,GT,Context,Base Substitution,3,0.00,37.00,37.31,-0.31,BQSR
20FUKAAXX100202.1,TT,Context,Base Substitution,6,0.00,34.00,34.31,-0.31,BQSR
20FUKAAXX100202.1,-4,Cycle,Base Substitution,1,0.00,20.00,20.00,0.00,BQSR
20FUKAAXX100202.1,-5,Cycle,Base Substitution,1,0.00,20.00,20.00,0.00,BQSR
20FUKAAXX100202.1,-10,Cycle,Base Substitution,1,0.00,28.00,28.00,0.00,BQSR
20FUKAAXX100202.1,11,Cycle,Base Substitution,1,0.00,37.00,37.00,0.00,BQSR
20FUKAAXX100202.1,-16,Cycle,Base Substitution,1,0.00,38.00,38.00,0.00,BQSR
20FUKAAXX100202.1,-21,Cycle,Base Substitution,1,0.00,36.00,36.00,0.00,BQSR
20FUKAAXX100202.1,-24,Cycle,Base Substitution,1,0.00,10.00,10.00,0.00,BQSR
20FUKAAXX100202.1,30,Cycle,Base Substitution,1,0.00,34.00,34.00,0.00,BQSR
20FUKAAXX100202.1,-30,Cycle,Base Substitution,1,0.00,32.00,32.00,0.00,BQSR
20FUKAAXX100202.1,31,Cycle,Base Substitution,1,0.00,35.00,35.00,0.00,BQSR
20FUKAAXX100202.1,-31,Cycle,Base Substitution,1,0.00,39.00,39.00,0.00,BQSR
20FUKAAXX100202.1,32,Cycle,Base Substitution,2,0.00,34.00,34.89,-0.89,BQSR
20FUKAAXX100202.1,-32,Cycle,Base Substitution,1,0.00,39.00,39.00,0.00,BQSR
20FUKAAXX100202.1,33,Cycle,Base Substitution,1,0.00,35.00,35.00,0.00,BQSR
20FUKAAXX100202.1,-33,Cycle,Base Substitution,1,0.00,38.00,38.00,0.00,BQSR
20FUKAAXX100202.1,34,Cycle,Base Substitution,1,0.00,37.00,37.00,0.00,BQSR
20FUKAAXX100202.1,-34,Cycle,Base Substitution,1,0.00,39.00,39.00,0.00,BQSR
20FUKAAXX100202.1,35,Cycle,Base Substitution,1,0.00,34.00,34.00,0.00,BQSR
20FUKAAXX100202.1,-35,Cycle,Base Substitution,1,0.00,39.00,39.00,0.00,BQSR
20FUKAAXX100202.1,36,Cycle,Base Substitution,1,0.00,35.00,35.00,0.00,BQSR
20FUKAAXX100202.1,37,Cycle,Base Substitution,1,0.00,35.00,35.00,0.00,BQSR
20FUKAAXX100202.1,-49,Cycle,Base Substitution,1,0.00,30.00,30.00,0.00,BQSR
20FUKAAXX100202.1,-50,Cycle,Base Substitution,1,0.00,38.00,38.00,0.00,BQSR
20FUKAAXX100202.1,-52,Cycle,Base Substitution,1,0.00,21.00,21.00,0.00,BQSR
20FUKAAXX100202.1,-60,Cycle,Base Substitution,1,0.00,36.00,36.00,0.00,BQSR
20FUKAAXX100202.1,-61,Cycle,Base Substitution,1,0.00,37.00,37.00,0.00,BQSR
20FUKAAXX100202.1,78,Cycle,Base Substitution,1,0.00,39.00,39.00,0.00,BQSR
20FUKAAXX100202.1,81,Cycle,Base Substitution,1,0.00,38.00,38.00,0.00,BQSR
20FUKAAXX100202.1,-83,Cycle,Base Substitution,1,0.00,34.00,34.00,0.00,BQSR
20FUKAAXX100202.1,-84,Cycle,Base Substitution,1,0.00,38.00,38.00,0.00,BQSR
20FUKAAXX100202.1,-85,Cycle,Base Substitution,1,0.00,39.00,39.00,0.00,BQSR
20FUKAAXX100202.1,-86,Cycle,Base Substitution,1,0.00,37.00,37.00,0.00,BQSR
20FUKAAXX100202.1,-87,Cycle,Base Substitution,1,0.00,35.00,35.00,0.00,BQSR
20FUKAAXX100202.1,-88,Cycle,Base Substitution,1,0.00,38.00,38.00,0.00,BQSR
20FUKAAXX100202.1,-89,Cycle,Base Substitution,1,0.00,39.00,39.00,0.00,BQSR
20FUKAAXX100202.1,90,Cycle,Base Substitution,2,0.00,35.00,35.55,-0.55,BQSR
20FUKAAXX100202.1,-90,Cycle,Base Substitution,1,0.00,26.00,26.00,0.00,BQSR
20FUKAAXX100202.1,99,Cycle,Base Substitution,1,0.00,34.00,34.00,0.00,BQSR
20FUKAAXX100202.1,100,Cycle,Base Substitution,1,0.00,39.00,39.00,0.00,BQSR
20FUKAAXX100202.1,101,Cycle,Base Substitution,1,0.00,39.00,39.00,0.00,BQSR
20FUKAAXX100202.1,10,QualityScore,Base Substitution,1,0.00,10.00,10.00,0.00,BQSR
20FUKAAXX100202.1,20,QualityScore,Base Substitution,2,0.00,20.00,20.00,0.00,BQSR
20FUKAAXX100202.1,21,QualityScore,Base Substitution,1,0.00,21.00,21.00,0.00,BQSR
20FUKAAXX100202.1,26,QualityScore,Base Substitution,1,0.00,26.00,26.00,0.00,BQSR
20FUKAAXX100202.1,28,QualityScore,Base Substitution,1,0.00,28.00,28.00,0.00,BQSR
20FUKAAXX100202.1,30,QualityScore,Base Substitution,1,0.00,30.00,30.00,0.00,BQSR
20FUKAAXX100202.1,32,QualityScore,Base Substitution,1,0.00,32.00,32.00,0.00,BQSR
20FUKAAXX100202.1,34,QualityScore,Base Substitution,6,0.00,34.00,34.00,0.00,BQSR
20FUKAAXX100202.1,35,QualityScore,Base Substitution,5,0.00,35.00,35.00,0.00,BQSR
20FUKAAXX100202.1,36,QualityScore,Base Substitution,3,0.00,36.00,36.00,0.00,BQSR
20FUKAAXX100202.1,37,QualityScore,Base Substitution,4,0.00,37.00,37.00,0.00,BQSR
20FUKAAXX100202.1,38,QualityScore,Base Substitution,7,0.00,38.00,38.00,0.00,BQSR
20FUKAAXX100202.1,39,QualityScore,Base Substitution,9,0.00,39.00,39.00,0.00,BQSR
20FUKAAXX100202.2,AA,Context,Base Substitution,2,0.00,39.00,39.00,0.00,BQSR
20FUKAAXX100202.2,CA,Context,Base Substitution,7,0.00,32.00,32.31,-0.31,BQSR
20FUKAAXX100202.2,GA,Context,Base Substitution,1,0.00,31.00,31.00,0.00,BQSR
20FUKAAXX100202.2,TA,Context,Base Substitution,1,0.00,38.00,38.00,0.00,BQSR
20FUKAAXX100202.2,AC,Context,Base Substitution,2,0.00,23.00,23.88,-0.88,BQSR
20FUKAAXX100202.2,CC,Context,Base Substitution,2,0.00,35.00,35.89,-0.89,BQSR
20FUKAAXX100202.2,TC,Context,Base Substitution,2,0.00,26.00,26.82,-0.82,BQSR
20FUKAAXX100202.2,AG,Context,Base Substitution,1,0.00,38.00,38.00,0.00,BQSR
20FUKAAXX100202.2,TG,Context,Base Substitution,5,0.00,35.00,35.61,-0.61,BQSR
20FUKAAXX100202.2,AT,Context,Base Substitution,1,0.00,35.00,35.00,0.00,BQSR
20FUKAAXX100202.2,CT,Context,Base Substitution,1,0.00,39.00,39.00,0.00,BQSR
20FUKAAXX100202.2,GT,Context,Base Substitution,2,0.00,37.00,37.00,0.00,BQSR
20FUKAAXX100202.2,TT,Context,Base Substitution,15,0.00,31.00,31.05,-0.05,BQSR
20FUKAAXX100202.2,-5,Cycle,Base Substitution,1,0.00,36.00,36.00,0.00,BQSR
20FUKAAXX100202.2,11,Cycle,Base Substitution,1,0.00,38.00,38.00,0.00,BQSR
20FUKAAXX100202.2,12,Cycle,Base Substitution,1,0.00,39.00,39.00,0.00,BQSR
20FUKAAXX100202.2,13,Cycle,Base Substitution,2,0.00,38.00,38.47,-0.47,BQSR
20FUKAAXX100202.2,14,Cycle,Base Substitution,1,0.00,38.00,38.00,0.00,BQSR
20FUKAAXX100202.2,-18,Cycle,Base Substitution,1,0.00,30.00,30.00,0.00,BQSR
20FUKAAXX100202.2,-19,Cycle,Base Substitution,1,0.00,35.00,35.00,0.00,BQSR
20FUKAAXX100202.2,-20,Cycle,Base Substitution,1,0.00,37.00,37.00,0.00,BQSR
20FUKAAXX100202.2,-21,Cycle,Base Substitution,1,0.00,39.00,39.00,0.00,BQSR
20FUKAAXX100202.2,-22,Cycle,Base Substitution,1,0.00,38.00,38.00,0.00,BQSR
20FUKAAXX100202.2,-23,Cycle,Base Substitution,2,0.00,36.00,36.25,-0.25,BQSR
20FUKAAXX100202.2,24,Cycle,Base Substitution,1,0.00,22.00,22.00,0.00,BQSR
20FUKAAXX100202.2,-24,Cycle,Base Substitution,1,0.00,21.00,21.00,0.00,BQSR
20FUKAAXX100202.2,31,Cycle,Base Substitution,1,0.00,38.00,38.00,0.00,BQSR
20FUKAAXX100202.2,32,Cycle,Base Substitution,1,0.00,31.00,31.00,0.00,BQSR
20FUKAAXX100202.2,33,Cycle,Base Substitution,1,0.00,35.00,35.00,0.00,BQSR
20FUKAAXX100202.2,34,Cycle,Base Substitution,1,0.00,34.00,34.00,0.00,BQSR
20FUKAAXX100202.2,35,Cycle,Base Substitution,1,0.00,34.00,34.00,0.00,BQSR
20FUKAAXX100202.2,-35,Cycle,Base Substitution,1,0.00,31.00,31.00,0.00,BQSR
20FUKAAXX100202.2,36,Cycle,Base Substitution,1,0.00,35.00,35.00,0.00,BQSR
20FUKAAXX100202.2,37,Cycle,Base Substitution,2,0.00,37.00,37.47,-0.47,BQSR
20FUKAAXX100202.2,38,Cycle,Base Substitution,1,0.00,34.00,34.00,0.00,BQSR
20FUKAAXX100202.2,39,Cycle,Base Substitution,1,0.00,34.00,34.00,0.00,BQSR
20FUKAAXX100202.2,40,Cycle,Base Substitution,1,0.00,34.00,34.00,0.00,BQSR
20FUKAAXX100202.2,42,Cycle,Base Substitution,1,0.00,25.00,25.00,0.00,BQSR
20FUKAAXX100202.2,44,Cycle,Base Substitution,1,0.00,38.00,38.00,0.00,BQSR
20FUKAAXX100202.2,-47,Cycle,Base Substitution,1,0.00,25.00,25.00,0.00,BQSR
20FUKAAXX100202.2,51,Cycle,Base Substitution,1,0.00,35.00,35.00,0.00,BQSR
20FUKAAXX100202.2,52,Cycle,Base Substitution,1,0.00,35.00,35.00,0.00,BQSR
20FUKAAXX100202.2,53,Cycle,Base Substitution,1,0.00,35.00,35.00,0.00,BQSR
20FUKAAXX100202.2,57,Cycle,Base Substitution,1,0.00,34.00,34.00,0.00,BQSR
20FUKAAXX100202.2,-57,Cycle,Base Substitution,1,0.00,38.00,38.00,0.00,BQSR
20FUKAAXX100202.2,58,Cycle,Base Substitution,1,0.00,34.00,34.00,0.00,BQSR
20FUKAAXX100202.2,59,Cycle,Base Substitution,1,0.00,35.00,35.00,0.00,BQSR
20FUKAAXX100202.2,60,Cycle,Base Substitution,1,0.00,36.00,36.00,0.00,BQSR
20FUKAAXX100202.2,61,Cycle,Base Substitution,1,0.00,37.00,37.00,0.00,BQSR
20FUKAAXX100202.2,62,Cycle,Base Substitution,1,0.00,35.00,35.00,0.00,BQSR
20FUKAAXX100202.2,63,Cycle,Base Substitution,1,0.00,34.00,34.00,0.00,BQSR
20FUKAAXX100202.2,64,Cycle,Base Substitution,1,0.00,36.00,36.00,0.00,BQSR
20FUKAAXX100202.2,21,QualityScore,Base Substitution,1,0.00,21.00,21.00,0.00,BQSR
20FUKAAXX100202.2,22,QualityScore,Base Substitution,1,0.00,22.00,22.00,0.00,BQSR
20FUKAAXX100202.2,25,QualityScore,Base Substitution,2,0.00,25.00,25.00,0.00,BQSR
20FUKAAXX100202.2,30,QualityScore,Base Substitution,1,0.00,30.00,30.00,0.00,BQSR
20FUKAAXX100202.2,31,QualityScore,Base Substitution,2,0.00,31.00,31.00,0.00,BQSR
20FUKAAXX100202.2,34,QualityScore,Base Substitution,8,0.00,34.00,34.00,0.00,BQSR
20FUKAAXX100202.2,35,QualityScore,Base Substitution,9,0.00,35.00,35.00,0.00,BQSR
20FUKAAXX100202.2,36,QualityScore,Base Substitution,3,0.00,36.00,36.00,0.00,BQSR
20FUKAAXX100202.2,37,QualityScore,Base Substitution,3,0.00,37.00,37.00,0.00,BQSR
20FUKAAXX100202.2,38,QualityScore,Base Substitution,9,0.00,38.00,38.00,0.00,BQSR
20FUKAAXX100202.2,39,QualityScore,Base Substitution,3,0.00,39.00,39.00,0.00,BQSR
20FUKAAXX100202.3,AA,Context,Base Substitution,5,0.00,34.00,34.99,-0.99,BQSR
20FUKAAXX100202.3,CA,Context,Base Substitution,4,0.00,37.00,37.94,-0.94,BQSR
20FUKAAXX100202.3,GA,Context,Base Substitution,1,0.00,37.00,37.00,0.00,BQSR
20FUKAAXX100202.3,AC,Context,Base Substitution,2,0.00,16.00,16.80,-0.80,BQSR
20FUKAAXX100202.3,GC,Context,Base Substitution,1,0.00,38.00,38.00,0.00,BQSR
20FUKAAXX100202.3,TC,Context,Base Substitution,2,0.00,19.00,19.92,-0.92,BQSR
20FUKAAXX100202.3,AG,Context,Base Substitution,3,0.00,32.00,32.80,-0.80,BQSR
20FUKAAXX100202.3,TG,Context,Base Substitution,6,0.00,17.00,17.63,-0.63,BQSR
20FUKAAXX100202.3,AT,Context,Base Substitution,3,0.00,29.00,29.36,-0.36,BQSR
20FUKAAXX100202.3,CT,Context,Base Substitution,2,0.00,23.00,23.94,-0.94,BQSR
20FUKAAXX100202.3,GT,Context,Base Substitution,4,0.00,36.00,36.94,-0.94,BQSR
20FUKAAXX100202.3,TT,Context,Base Substitution,17,0.00,30.00,30.27,-0.27,BQSR
20FUKAAXX100202.3,-1,Cycle,Base Substitution,1,0.00,32.00,32.00,0.00,BQSR
20FUKAAXX100202.3,-2,Cycle,Base Substitution,1,0.00,35.00,35.00,0.00,BQSR
20FUKAAXX100202.3,-3,Cycle,Base Substitution,2,0.00,34.00,34.47,-0.47,BQSR
20FUKAAXX100202.3,-4,Cycle,Base Substitution,1,0.00,34.00,34.00,0.00,BQSR
20FUKAAXX100202.3,-11,Cycle,Base Substitution,1,0.00,36.00,36.00,0.00,BQSR
20FUKAAXX100202.3,-13,Cycle,Base Substitution,1,0.00,27.00,27.00,0.00,BQSR
20FUKAAXX100202.3,16,Cycle,Base Substitution,1,0.00,10.00,10.00,0.00,BQSR
20FUKAAXX100202.3,19,Cycle,Base Substitution,1,0.00,33.00,33.00,0.00,BQSR
20FUKAAXX100202.3,-19,Cycle,Base Substitution,1,0.00,38.00,38.00,0.00,BQSR
20FUKAAXX100202.3,20,Cycle,Base Substitution,1,0.00,24.00,24.00,0.00,BQSR
20FUKAAXX100202.3,-20,Cycle,Base Substitution,1,0.00,38.00,38.00,0.00,BQSR
20FUKAAXX100202.3,-24,Cycle,Base Substitution,1,0.00,31.00,31.00,0.00,BQSR
20FUKAAXX100202.3,-25,Cycle,Base Substitution,1,0.00,37.00,37.00,0.00,BQSR
20FUKAAXX100202.3,27,Cycle,Base Substitution,1,0.00,17.00,17.00,0.00,BQSR
20FUKAAXX100202.3,-28,Cycle,Base Substitution,1,0.00,14.00,14.00,0.00,BQSR
20FUKAAXX100202.3,-29,Cycle,Base Substitution,1,0.00,21.00,21.00,0.00,BQSR
20FUKAAXX100202.3,-32,Cycle,Base Substitution,1,0.00,23.00,23.00,0.00,BQSR
20FUKAAXX100202.3,35,Cycle,Base Substitution,1,0.00,36.00,36.00,0.00,BQSR
20FUKAAXX100202.3,36,Cycle,Base Substitution,1,0.00,36.00,36.00,0.00,BQSR
20FUKAAXX100202.3,37,Cycle,Base Substitution,1,0.00,32.00,32.00,0.00,BQSR
20FUKAAXX100202.3,39,Cycle,Base Substitution,1,0.00,36.00,36.00,0.00,BQSR
20FUKAAXX100202.3,40,Cycle,Base Substitution,1,0.00,38.00,38.00,0.00,BQSR
20FUKAAXX100202.3,-42,Cycle,Base Substitution,1,0.00,38.00,38.00,0.00,BQSR
20FUKAAXX100202.3,44,Cycle,Base Substitution,1,0.00,37.00,37.00,0.00,BQSR
20FUKAAXX100202.3,-49,Cycle,Base Substitution,1,0.00,39.00,39.00,0.00,BQSR
20FUKAAXX100202.3,57,Cycle,Base Substitution,1,0.00,33.00,33.00,0.00,BQSR
20FUKAAXX100202.3,58,Cycle,Base Substitution,1,0.00,32.00,32.00,0.00,BQSR
20FUKAAXX100202.3,59,Cycle,Base Substitution,1,0.00,30.00,30.00,0.00,BQSR
20FUKAAXX100202.3,60,Cycle,Base Substitution,1,0.00,28.00,28.00,0.00,BQSR
20FUKAAXX100202.3,61,Cycle,Base Substitution,2,0.00,37.00,37.00,0.00,BQSR
20FUKAAXX100202.3,62,Cycle,Base Substitution,1,0.00,33.00,33.00,0.00,BQSR
20FUKAAXX100202.3,63,Cycle,Base Substitution,2,0.00,34.00,34.82,-0.82,BQSR
20FUKAAXX100202.3,64,Cycle,Base Substitution,2,0.00,34.00,34.22,-0.22,BQSR
20FUKAAXX100202.3,66,Cycle,Base Substitution,1,0.00,35.00,35.00,0.00,BQSR
20FUKAAXX100202.3,67,Cycle,Base Substitution,2,0.00,35.00,35.55,-0.55,BQSR
20FUKAAXX100202.3,-67,Cycle,Base Substitution,1,0.00,38.00,38.00,0.00,BQSR
20FUKAAXX100202.3,68,Cycle,Base Substitution,1,0.00,35.00,35.00,0.00,BQSR
20FUKAAXX100202.3,69,Cycle,Base Substitution,1,0.00,35.00,35.00,0.00,BQSR
20FUKAAXX100202.3,-69,Cycle,Base Substitution,1,0.00,25.00,25.00,0.00,BQSR
20FUKAAXX100202.3,70,Cycle,Base Substitution,1,0.00,38.00,38.00,0.00,BQSR
20FUKAAXX100202.3,71,Cycle,Base Substitution,1,0.00,36.00,36.00,0.00,BQSR
20FUKAAXX100202.3,72,Cycle,Base Substitution,1,0.00,35.00,35.00,0.00,BQSR
20FUKAAXX100202.3,73,Cycle,Base Substitution,1,0.00,32.00,32.00,0.00,BQSR
20FUKAAXX100202.3,-80,Cycle,Base Substitution,1,0.00,37.00,37.00,0.00,BQSR
20FUKAAXX100202.3,91,Cycle,Base Substitution,1,0.00,35.00,35.00,0.00,BQSR
20FUKAAXX100202.3,95,Cycle,Base Substitution,1,0.00,29.00,29.00,0.00,BQSR
20FUKAAXX100202.3,10,QualityScore,Base Substitution,1,0.00,10.00,10.00,0.00,BQSR
20FUKAAXX100202.3,14,QualityScore,Base Substitution,1,0.00,14.00,14.00,0.00,BQSR
20FUKAAXX100202.3,17,QualityScore,Base Substitution,1,0.00,17.00,17.00,0.00,BQSR
20FUKAAXX100202.3,21,QualityScore,Base Substitution,1,0.00,21.00,21.00,0.00,BQSR
20FUKAAXX100202.3,23,QualityScore,Base Substitution,1,0.00,23.00,23.00,0.00,BQSR
20FUKAAXX100202.3,24,QualityScore,Base Substitution,1,0.00,24.00,24.00,0.00,BQSR
20FUKAAXX100202.3,25,QualityScore,Base Substitution,1,0.00,25.00,25.00,0.00,BQSR
20FUKAAXX100202.3,27,QualityScore,Base Substitution,1,0.00,27.00,27.00,0.00,BQSR
20FUKAAXX100202.3,28,QualityScore,Base Substitution,1,0.00,28.00,28.00,0.00,BQSR
20FUKAAXX100202.3,29,QualityScore,Base Substitution,1,0.00,29.00,29.00,0.00,BQSR
20FUKAAXX100202.3,30,QualityScore,Base Substitution,1,0.00,30.00,30.00,0.00,BQSR
20FUKAAXX100202.3,31,QualityScore,Base Substitution,1,0.00,31.00,31.00,0.00,BQSR
20FUKAAXX100202.3,32,QualityScore,Base Substitution,5,0.00,32.00,32.00,0.00,BQSR
20FUKAAXX100202.3,33,QualityScore,Base Substitution,4,0.00,33.00,33.00,0.00,BQSR
20FUKAAXX100202.3,34,QualityScore,Base Substitution,3,0.00,34.00,34.00,0.00,BQSR
20FUKAAXX100202.3,35,QualityScore,Base Substitution,7,0.00,35.00,35.00,0.00,BQSR
20FUKAAXX100202.3,36,QualityScore,Base Substitution,5,0.00,36.00,36.00,0.00,BQSR
20FUKAAXX100202.3,37,QualityScore,Base Substitution,5,0.00,37.00,37.00,0.00,BQSR
20FUKAAXX100202.3,38,QualityScore,Base Substitution,8,0.00,38.00,38.00,0.00,BQSR
20FUKAAXX100202.3,39,QualityScore,Base Substitution,2,0.00,39.00,39.00,0.00,BQSR
20FUKAAXX100202.4,AA,Context,Base Substitution,8,0.00,32.00,32.36,-0.36,BQSR
20FUKAAXX100202.4,CA,Context,Base Substitution,8,0.00,36.00,36.22,-0.22,BQSR
20FUKAAXX100202.4,GA,Context,Base Substitution,2,0.00,31.00,31.00,0.00,BQSR
20FUKAAXX100202.4,TA,Context,Base Substitution,1,0.00,38.00,38.00,0.00,BQSR
20FUKAAXX100202.4,AC,Context,Base Substitution,2,0.00,35.00,35.89,-0.89,BQSR
20FUKAAXX100202.4,GC,Context,Base Substitution,1,0.00,38.00,38.00,0.00,BQSR
20FUKAAXX100202.4,TG,Context,Base Substitution,1,0.00,22.00,22.00,0.00,BQSR
20FUKAAXX100202.4,AT,Context,Base Substitution,2,0.00,20.00,20.97,-0.97,BQSR
20FUKAAXX100202.4,CT,Context,Base Substitution,1,0.00,21.00,21.00,0.00,BQSR
20FUKAAXX100202.4,TT,Context,Base Substitution,11,0.00,28.00,28.66,-0.66,BQSR
20FUKAAXX100202.4,-10,Cycle,Base Substitution,2,0.00,23.00,23.60,-0.60,BQSR
20FUKAAXX100202.4,-13,Cycle,Base Substitution,2,0.00,20.00,20.96,-0.96,BQSR
20FUKAAXX100202.4,17,Cycle,Base Substitution,1,0.00,38.00,38.00,0.00,BQSR
20FUKAAXX100202.4,18,Cycle,Base Substitution,1,0.00,39.00,39.00,0.00,BQSR
20FUKAAXX100202.4,19,Cycle,Base Substitution,1,0.00,39.00,39.00,0.00,BQSR
20FUKAAXX100202.4,-21,Cycle,Base Substitution,1,0.00,28.00,28.00,0.00,BQSR
20FUKAAXX100202.4,-22,Cycle,Base Substitution,1,0.00,29.00,29.00,0.00,BQSR
20FUKAAXX100202.4,-25,Cycle,Base Substitution,1,0.00,22.00,22.00,0.00,BQSR
20FUKAAXX100202.4,-26,Cycle,Base Substitution,1,0.00,35.00,35.00,0.00,BQSR
20FUKAAXX100202.4,-27,Cycle,Base Substitution,1,0.00,24.00,24.00,0.00,BQSR
20FUKAAXX100202.4,-32,Cycle,Base Substitution,1,0.00,38.00,38.00,0.00,BQSR
20FUKAAXX100202.4,-33,Cycle,Base Substitution,2,0.00,33.00,33.37,-0.37,BQSR
20FUKAAXX100202.4,-34,Cycle,Base Substitution,1,0.00,39.00,39.00,0.00,BQSR
20FUKAAXX100202.4,-45,Cycle,Base Substitution,1,0.00,34.00,34.00,0.00,BQSR
20FUKAAXX100202.4,-46,Cycle,Base Substitution,1,0.00,30.00,30.00,0.00,BQSR
20FUKAAXX100202.4,-47,Cycle,Base Substitution,1,0.00,38.00,38.00,0.00,BQSR
20FUKAAXX100202.4,-51,Cycle,Base Substitution,1,0.00,30.00,30.00,0.00,BQSR
20FUKAAXX100202.4,-53,Cycle,Base Substitution,1,0.00,35.00,35.00,0.00,BQSR
20FUKAAXX100202.4,-54,Cycle,Base Substitution,1,0.00,35.00,35.00,0.00,BQSR
20FUKAAXX100202.4,-55,Cycle,Base Substitution,1,0.00,34.00,34.00,0.00,BQSR
20FUKAAXX100202.4,-66,Cycle,Base Substitution,1,0.00,26.00,26.00,0.00,BQSR
20FUKAAXX100202.4,-67,Cycle,Base Substitution,2,0.00,27.00,27.84,-0.84,BQSR
20FUKAAXX100202.4,-68,Cycle,Base Substitution,1,0.00,36.00,36.00,0.00,BQSR
20FUKAAXX100202.4,-69,Cycle,Base Substitution,1,0.00,39.00,39.00,0.00,BQSR
20FUKAAXX100202.4,73,Cycle,Base Substitution,1,0.00,38.00,38.00,0.00,BQSR
20FUKAAXX100202.4,74,Cycle,Base Substitution,1,0.00,38.00,38.00,0.00,BQSR
20FUKAAXX100202.4,-86,Cycle,Base Substitution,1,0.00,38.00,38.00,0.00,BQSR
20FUKAAXX100202.4,-87,Cycle,Base Substitution,1,0.00,38.00,38.00,0.00,BQSR
20FUKAAXX100202.4,-94,Cycle,Base Substitution,1,0.00,26.00,26.00,0.00,BQSR
20FUKAAXX100202.4,98,Cycle,Base Substitution,1,0.00,35.00,35.00,0.00,BQSR
20FUKAAXX100202.4,99,Cycle,Base Substitution,1,0.00,38.00,38.00,0.00,BQSR
20FUKAAXX100202.4,100,Cycle,Base Substitution,1,0.00,37.00,37.00,0.00,BQSR
20FUKAAXX100202.4,101,Cycle,Base Substitution,1,0.00,31.00,31.00,0.00,BQSR
20FUKAAXX100202.4,18,QualityScore,Base Substitution,1,0.00,18.00,18.00,0.00,BQSR
20FUKAAXX100202.4,21,QualityScore,Base Substitution,1,0.00,21.00,21.00,0.00,BQSR
20FUKAAXX100202.4,22,QualityScore,Base Substitution,1,0.00,22.00,22.00,0.00,BQSR
20FUKAAXX100202.4,24,QualityScore,Base Substitution,1,0.00,24.00,24.00,0.00,BQSR
20FUKAAXX100202.4,25,QualityScore,Base Substitution,1,0.00,25.00,25.00,0.00,BQSR
20FUKAAXX100202.4,26,QualityScore,Base Substitution,2,0.00,26.00,26.00,0.00,BQSR
20FUKAAXX100202.4,28,QualityScore,Base Substitution,1,0.00,28.00,28.00,0.00,BQSR
20FUKAAXX100202.4,29,QualityScore,Base Substitution,1,0.00,29.00,29.00,0.00,BQSR
20FUKAAXX100202.4,30,QualityScore,Base Substitution,2,0.00,30.00,30.00,0.00,BQSR
20FUKAAXX100202.4,31,QualityScore,Base Substitution,3,0.00,31.00,31.00,0.00,BQSR
20FUKAAXX100202.4,34,QualityScore,Base Substitution,2,0.00,34.00,34.00,0.00,BQSR
20FUKAAXX100202.4,35,QualityScore,Base Substitution,4,0.00,35.00,35.00,0.00,BQSR
20FUKAAXX100202.4,36,QualityScore,Base Substitution,1,0.00,36.00,36.00,0.00,BQSR
20FUKAAXX100202.4,37,QualityScore,Base Substitution,2,0.00,37.00,37.00,0.00,BQSR
20FUKAAXX100202.4,38,QualityScore,Base Substitution,8,0.00,38.00,38.00,0.00,BQSR
20FUKAAXX100202.4,39,QualityScore,Base Substitution,6,0.00,39.00,39.00,0.00,BQSR
20FUKAAXX100202.5,AA,Context,Base Substitution,7,0.00,28.00,28.60,-0.60,BQSR
20FUKAAXX100202.5,CA,Context,Base Substitution,6,0.00,37.00,37.60,-0.60,BQSR
20FUKAAXX100202.5,GA,Context,Base Substitution,3,0.00,25.00,25.46,-0.46,BQSR
20FUKAAXX100202.5,TA,Context,Base Substitution,1,0.00,38.00,38.00,0.00,BQSR
20FUKAAXX100202.5,AC,Context,Base Substitution,6,0.00,24.00,24.49,-0.49,BQSR
20FUKAAXX100202.5,TC,Context,Base Substitution,2,0.00,30.00,30.82,-0.82,BQSR
20FUKAAXX100202.5,TG,Context,Base Substitution,7,0.00,36.00,36.93,-0.93,BQSR
20FUKAAXX100202.5,AT,Context,Base Substitution,2,0.00,38.00,38.00,0.00,BQSR
20FUKAAXX100202.5,GT,Context,Base Substitution,5,0.00,34.00,34.96,-0.96,BQSR
20FUKAAXX100202.5,TT,Context,Base Substitution,10,0.00,33.00,33.90,-0.90,BQSR
20FUKAAXX100202.5,1,Cycle,Base Substitution,2,0.00,36.00,36.00,0.00,BQSR
20FUKAAXX100202.5,2,Cycle,Base Substitution,2,0.00,35.00,35.47,-0.47,BQSR
20FUKAAXX100202.5,3,Cycle,Base Substitution,3,0.00,33.00,33.99,-0.99,BQSR
20FUKAAXX100202.5,-3,Cycle,Base Substitution,1,0.00,34.00,34.00,0.00,BQSR
20FUKAAXX100202.5,4,Cycle,Base Substitution,2,0.00,36.00,36.00,0.00,BQSR
20FUKAAXX100202.5,5,Cycle,Base Substitution,2,0.00,37.00,37.00,0.00,BQSR
20FUKAAXX100202.5,6,Cycle,Base Substitution,2,0.00,37.00,37.00,0.00,BQSR
20FUKAAXX100202.5,7,Cycle,Base Substitution,2,0.00,36.00,36.47,-0.47,BQSR
20FUKAAXX100202.5,-12,Cycle,Base Substitution,1,0.00,31.00,31.00,0.00,BQSR
20FUKAAXX100202.5,15,Cycle,Base Substitution,2,0.00,32.00,32.37,-0.37,BQSR
20FUKAAXX100202.5,-15,Cycle,Base Substitution,1,0.00,38.00,38.00,0.00,BQSR
20FUKAAXX100202.5,16,Cycle,Base Substitution,1,0.00,38.00,38.00,0.00,BQSR
20FUKAAXX100202.5,19,Cycle,Base Substitution,1,0.00,38.00,38.00,0.00,BQSR
20FUKAAXX100202.5,20,Cycle,Base Substitution,1,0.00,37.00,37.00,0.00,BQSR
20FUKAAXX100202.5,21,Cycle,Base Substitution,1,0.00,37.00,37.00,0.00,BQSR
20FUKAAXX100202.5,22,Cycle,Base Substitution,1,0.00,38.00,38.00,0.00,BQSR
20FUKAAXX100202.5,-22,Cycle,Base Substitution,1,0.00,17.00,17.00,0.00,BQSR
20FUKAAXX100202.5,23,Cycle,Base Substitution,1,0.00,37.00,37.00,0.00,BQSR
20FUKAAXX100202.5,-23,Cycle,Base Substitution,1,0.00,38.00,38.00,0.00,BQSR
20FUKAAXX100202.5,24,Cycle,Base Substitution,1,0.00,38.00,38.00,0.00,BQSR
20FUKAAXX100202.5,-24,Cycle,Base Substitution,1,0.00,39.00,39.00,0.00,BQSR
20FUKAAXX100202.5,-25,Cycle,Base Substitution,1,0.00,36.00,36.00,0.00,BQSR
20FUKAAXX100202.5,-26,Cycle,Base Substitution,1,0.00,33.00,33.00,0.00,BQSR
20FUKAAXX100202.5,-27,Cycle,Base Substitution,1,0.00,35.00,35.00,0.00,BQSR
20FUKAAXX100202.5,-28,Cycle,Base Substitution,1,0.00,29.00,29.00,0.00,BQSR
20FUKAAXX100202.5,-29,Cycle,Base Substitution,1,0.00,22.00,22.00,0.00,BQSR
20FUKAAXX100202.5,30,Cycle,Base Substitution,1,0.00,36.00,36.00,0.00,BQSR
20FUKAAXX100202.5,-31,Cycle,Base Substitution,1,0.00,22.00,22.00,0.00,BQSR
20FUKAAXX100202.5,47,Cycle,Base Substitution,1,0.00,37.00,37.00,0.00,BQSR
20FUKAAXX100202.5,-49,Cycle,Base Substitution,1,0.00,28.00,28.00,0.00,BQSR
20FUKAAXX100202.5,61,Cycle,Base Substitution,1,0.00,39.00,39.00,0.00,BQSR
20FUKAAXX100202.5,-72,Cycle,Base Substitution,1,0.00,29.00,29.00,0.00,BQSR
20FUKAAXX100202.5,81,Cycle,Base Substitution,1,0.00,29.00,29.00,0.00,BQSR
20FUKAAXX100202.5,-83,Cycle,Base Substitution,1,0.00,32.00,32.00,0.00,BQSR
20FUKAAXX100202.5,89,Cycle,Base Substitution,1,0.00,37.00,37.00,0.00,BQSR
20FUKAAXX100202.5,90,Cycle,Base Substitution,1,0.00,38.00,38.00,0.00,BQSR
20FUKAAXX100202.5,91,Cycle,Base Substitution,1,0.00,37.00,37.00,0.00,BQSR
20FUKAAXX100202.5,92,Cycle,Base Substitution,2,0.00,36.00,36.55,-0.55,BQSR
20FUKAAXX100202.5,93,Cycle,Base Substitution,2,0.00,34.00,34.89,-0.89,BQSR
20FUKAAXX100202.5,94,Cycle,Base Substitution,1,0.00,34.00,34.00,0.00,BQSR
20FUKAAXX100202.5,17,QualityScore,Base Substitution,1,0.00,17.00,17.00,0.00,BQSR
20FUKAAXX100202.5,22,QualityScore,Base Substitution,2,0.00,22.00,22.00,0.00,BQSR
20FUKAAXX100202.5,28,QualityScore,Base Substitution,1,0.00,28.00,28.00,0.00,BQSR
20FUKAAXX100202.5,29,QualityScore,Base Substitution,3,0.00,29.00,29.00,0.00,BQSR
20FUKAAXX100202.5,30,QualityScore,Base Substitution,1,0.00,30.00,30.00,0.00,BQSR
20FUKAAXX100202.5,31,QualityScore,Base Substitution,1,0.00,31.00,31.00,0.00,BQSR
20FUKAAXX100202.5,32,QualityScore,Base Substitution,2,0.00,32.00,32.00,0.00,BQSR
20FUKAAXX100202.5,33,QualityScore,Base Substitution,1,0.00,33.00,33.00,0.00,BQSR
20FUKAAXX100202.5,34,QualityScore,Base Substitution,3,0.00,34.00,34.00,0.00,BQSR
20FUKAAXX100202.5,35,QualityScore,Base Substitution,4,0.00,35.00,35.00,0.00,BQSR
20FUKAAXX100202.5,36,QualityScore,Base Substitution,10,0.00,36.00,36.00,0.00,BQSR
20FUKAAXX100202.5,37,QualityScore,Base Substitution,11,0.00,37.00,37.00,0.00,BQSR
20FUKAAXX100202.5,38,QualityScore,Base Substitution,8,0.00,38.00,38.00,0.00,BQSR
20FUKAAXX100202.5,39,QualityScore,Base Substitution,3,0.00,39.00,39.00,0.00,BQSR
20FUKAAXX100202.6,AA,Context,Base Substitution,3,0.00,30.00,30.80,-0.80,BQSR
20FUKAAXX100202.6,CA,Context,Base Substitution,6,0.00,16.00,16.76,-0.76,BQSR
20FUKAAXX100202.6,GA,Context,Base Substitution,2,0.00,35.00,35.47,-0.47,BQSR
20FUKAAXX100202.6,AC,Context,Base Substitution,2,0.00,36.00,36.00,0.00,BQSR
20FUKAAXX100202.6,GC,Context,Base Substitution,2,0.00,37.00,37.00,0.00,BQSR
20FUKAAXX100202.6,TC,Context,Base Substitution,1,0.00,26.00,26.00,0.00,BQSR
20FUKAAXX100202.6,AG,Context,Base Substitution,3,0.00,37.00,37.31,-0.31,BQSR
20FUKAAXX100202.6,TG,Context,Base Substitution,7,0.00,32.00,32.84,-0.84,BQSR
20FUKAAXX100202.6,AT,Context,Base Substitution,2,0.00,27.00,27.60,-0.60,BQSR
20FUKAAXX100202.6,GT,Context,Base Substitution,4,0.00,36.00,36.17,-0.17,BQSR
20FUKAAXX100202.6,TT,Context,Base Substitution,17,0.00,32.00,32.37,-0.37,BQSR
20FUKAAXX100202.6,-3,Cycle,Base Substitution,1,0.00,31.00,31.00,0.00,BQSR
20FUKAAXX100202.6,-4,Cycle,Base Substitution,2,0.00,32.00,32.55,-0.55,BQSR
20FUKAAXX100202.6,-5,Cycle,Base Substitution,1,0.00,30.00,30.00,0.00,BQSR
20FUKAAXX100202.6,-6,Cycle,Base Substitution,1,0.00,29.00,29.00,0.00,BQSR
20FUKAAXX100202.6,-7,Cycle,Base Substitution,1,0.00,36.00,36.00,0.00,BQSR
20FUKAAXX100202.6,-8,Cycle,Base Substitution,1,0.00,34.00,34.00,0.00,BQSR
20FUKAAXX100202.6,9,Cycle,Base Substitution,1,0.00,35.00,35.00,0.00,BQSR
20FUKAAXX100202.6,-9,Cycle,Base Substitution,1,0.00,33.00,33.00,0.00,BQSR
20FUKAAXX100202.6,10,Cycle,Base Substitution,1,0.00,37.00,37.00,0.00,BQSR
20FUKAAXX100202.6,-10,Cycle,Base Substitution,1,0.00,33.00,33.00,0.00,BQSR
20FUKAAXX100202.6,11,Cycle,Base Substitution,1,0.00,35.00,35.00,0.00,BQSR
20FUKAAXX100202.6,14,Cycle,Base Substitution,1,0.00,34.00,34.00,0.00,BQSR
20FUKAAXX100202.6,15,Cycle,Base Substitution,1,0.00,34.00,34.00,0.00,BQSR
20FUKAAXX100202.6,16,Cycle,Base Substitution,1,0.00,34.00,34.00,0.00,BQSR
20FUKAAXX100202.6,17,Cycle,Base Substitution,1,0.00,35.00,35.00,0.00,BQSR
20FUKAAXX100202.6,18,Cycle,Base Substitution,1,0.00,37.00,37.00,0.00,BQSR
20FUKAAXX100202.6,19,Cycle,Base Substitution,1,0.00,35.00,35.00,0.00,BQSR
20FUKAAXX100202.6,20,Cycle,Base Substitution,1,0.00,35.00,35.00,0.00,BQSR
20FUKAAXX100202.6,21,Cycle,Base Substitution,1,0.00,36.00,36.00,0.00,BQSR
20FUKAAXX100202.6,-22,Cycle,Base Substitution,2,0.00,37.00,37.00,0.00,BQSR
20FUKAAXX100202.6,-23,Cycle,Base Substitution,2,0.00,38.00,38.00,0.00,BQSR
20FUKAAXX100202.6,-28,Cycle,Base Substitution,1,0.00,36.00,36.00,0.00,BQSR
20FUKAAXX100202.6,-29,Cycle,Base Substitution,1,0.00,36.00,36.00,0.00,BQSR
20FUKAAXX100202.6,31,Cycle,Base Substitution,1,0.00,38.00,38.00,0.00,BQSR
20FUKAAXX100202.6,39,Cycle,Base Substitution,1,0.00,9.00,9.00,0.00,BQSR
20FUKAAXX100202.6,-44,Cycle,Base Substitution,1,0.00,30.00,30.00,0.00,BQSR
20FUKAAXX100202.6,47,Cycle,Base Substitution,1,0.00,28.00,28.00,0.00,BQSR
20FUKAAXX100202.6,-60,Cycle,Base Substitution,1,0.00,36.00,36.00,0.00,BQSR
20FUKAAXX100202.6,-61,Cycle,Base Substitution,1,0.00,38.00,38.00,0.00,BQSR
20FUKAAXX100202.6,-62,Cycle,Base Substitution,1,0.00,36.00,36.00,0.00,BQSR
20FUKAAXX100202.6,-63,Cycle,Base Substitution,1,0.00,39.00,39.00,0.00,BQSR
20FUKAAXX100202.6,66,Cycle,Base Substitution,1,0.00,35.00,35.00,0.00,BQSR
20FUKAAXX100202.6,67,Cycle,Base Substitution,1,0.00,35.00,35.00,0.00,BQSR
20FUKAAXX100202.6,68,Cycle,Base Substitution,1,0.00,33.00,33.00,0.00,BQSR
20FUKAAXX100202.6,69,Cycle,Base Substitution,1,0.00,35.00,35.00,0.00,BQSR
20FUKAAXX100202.6,70,Cycle,Base Substitution,1,0.00,37.00,37.00,0.00,BQSR
20FUKAAXX100202.6,71,Cycle,Base Substitution,2,0.00,35.00,35.04,-0.04,BQSR
20FUKAAXX100202.6,72,Cycle,Base Substitution,1,0.00,35.00,35.00,0.00,BQSR
20FUKAAXX100202.6,73,Cycle,Base Substitution,1,0.00,31.00,31.00,0.00,BQSR
20FUKAAXX100202.6,-73,Cycle,Base Substitution,2,0.00,29.00,29.50,-0.50,BQSR
20FUKAAXX100202.6,87,Cycle,Base Substitution,1,0.00,37.00,37.00,0.00,BQSR
20FUKAAXX100202.6,92,Cycle,Base Substitution,1,0.00,37.00,37.00,0.00,BQSR
20FUKAAXX100202.6,-99,Cycle,Base Substitution,1,0.00,25.00,25.00,0.00,BQSR
20FUKAAXX100202.6,-100,Cycle,Base Substitution,1,0.00,26.00,26.00,0.00,BQSR
20FUKAAXX100202.6,9,QualityScore,Base Substitution,1,0.00,9.00,9.00,0.00,BQSR
20FUKAAXX100202.6,25,QualityScore,Base Substitution,1,0.00,25.00,25.00,0.00,BQSR
20FUKAAXX100202.6,26,QualityScore,Base Substitution,1,0.00,26.00,26.00,0.00,BQSR
20FUKAAXX100202.6,27,QualityScore,Base Substitution,1,0.00,27.00,27.00,0.00,BQSR
20FUKAAXX100202.6,28,QualityScore,Base Substitution,1,0.00,28.00,28.00,0.00,BQSR
20FUKAAXX100202.6,29,QualityScore,Base Substitution,1,0.00,29.00,29.00,0.00,BQSR
20FUKAAXX100202.6,30,QualityScore,Base Substitution,2,0.00,30.00,30.00,0.00,BQSR
20FUKAAXX100202.6,31,QualityScore,Base Substitution,3,0.00,31.00,31.00,0.00,BQSR
20FUKAAXX100202.6,33,QualityScore,Base Substitution,4,0.00,33.00,33.00,0.00,BQSR
20FUKAAXX100202.6,34,QualityScore,Base Substitution,4,0.00,34.00,34.00,0.00,BQSR
20FUKAAXX100202.6,35,QualityScore,Base Substitution,10,0.00,35.00,35.00,0.00,BQSR
20FUKAAXX100202.6,36,QualityScore,Base Substitution,7,0.00,36.00,36.00,0.00,BQSR
20FUKAAXX100202.6,37,QualityScore,Base Substitution,7,0.00,37.00,37.00,0.00,BQSR
20FUKAAXX100202.6,38,QualityScore,Base Substitution,4,0.00,38.00,38.00,0.00,BQSR
20FUKAAXX100202.6,39,QualityScore,Base Substitution,2,0.00,39.00,39.00,0.00,BQSR
20FUKAAXX100202.7,AA,Context,Base Substitution,6,0.00,37.00,37.76,-0.76,BQSR
20FUKAAXX100202.7,CA,Context,Base Substitution,5,0.00,38.00,38.18,-0.18,BQSR
20FUKAAXX100202.7,TA,Context,Base Substitution,2,0.00,27.00,27.80,-0.80,BQSR
20FUKAAXX100202.7,AC,Context,Base Substitution,2,0.00,33.00,33.47,-0.47,BQSR
20FUKAAXX100202.7,GC,Context,Base Substitution,2,0.00,13.00,14.00,-1.00,BQSR
20FUKAAXX100202.7,TC,Context,Base Substitution,2,0.00,21.00,21.89,-0.89,BQSR
20FUKAAXX100202.7,AG,Context,Base Substitution,1,0.00,26.00,26.00,0.00,BQSR
20FUKAAXX100202.7,TG,Context,Base Substitution,2,0.00,29.00,29.50,-0.50,BQSR
20FUKAAXX100202.7,AT,Context,Base Substitution,2,0.00,22.00,22.94,-0.94,BQSR
20FUKAAXX100202.7,GT,Context,Base Substitution,1,0.00,16.00,16.00,0.00,BQSR
20FUKAAXX100202.7,TT,Context,Base Substitution,11,0.00,22.00,22.91,-0.91,BQSR
20FUKAAXX100202.7,1,Cycle,Base Substitution,1,0.00,36.00,36.00,0.00,BQSR
20FUKAAXX100202.7,2,Cycle,Base Substitution,1,0.00,36.00,36.00,0.00,BQSR
20FUKAAXX100202.7,-9,Cycle,Base Substitution,1,0.00,20.00,20.00,0.00,BQSR
20FUKAAXX100202.7,-10,Cycle,Base Substitution,2,0.00,27.00,27.89,-0.89,BQSR
20FUKAAXX100202.7,-11,Cycle,Base Substitution,1,0.00,16.00,16.00,0.00,BQSR
20FUKAAXX100202.7,-13,Cycle,Base Substitution,1,0.00,37.00,37.00,0.00,BQSR
20FUKAAXX100202.7,-14,Cycle,Base Substitution,1,0.00,38.00,38.00,0.00,BQSR
20FUKAAXX100202.7,-19,Cycle,Base Substitution,1,0.00,21.00,21.00,0.00,BQSR
20FUKAAXX100202.7,22,Cycle,Base Substitution,1,0.00,34.00,34.00,0.00,BQSR
20FUKAAXX100202.7,23,Cycle,Base Substitution,1,0.00,38.00,38.00,0.00,BQSR
20FUKAAXX100202.7,24,Cycle,Base Substitution,1,0.00,39.00,39.00,0.00,BQSR
20FUKAAXX100202.7,25,Cycle,Base Substitution,1,0.00,36.00,36.00,0.00,BQSR
20FUKAAXX100202.7,26,Cycle,Base Substitution,1,0.00,33.00,33.00,0.00,BQSR
20FUKAAXX100202.7,-26,Cycle,Base Substitution,1,0.00,15.00,15.00,0.00,BQSR
20FUKAAXX100202.7,27,Cycle,Base Substitution,2,0.00,25.00,25.88,-0.88,BQSR
20FUKAAXX100202.7,28,Cycle,Base Substitution,1,0.00,39.00,39.00,0.00,BQSR
20FUKAAXX100202.7,29,Cycle,Base Substitution,2,0.00,36.00,36.89,-0.89,BQSR
20FUKAAXX100202.7,30,Cycle,Base Substitution,1,0.00,39.00,39.00,0.00,BQSR
20FUKAAXX100202.7,31,Cycle,Base Substitution,1,0.00,39.00,39.00,0.00,BQSR
20FUKAAXX100202.7,32,Cycle,Base Substitution,1,0.00,28.00,28.00,0.00,BQSR
20FUKAAXX100202.7,35,Cycle,Base Substitution,1,0.00,38.00,38.00,0.00,BQSR
20FUKAAXX100202.7,-37,Cycle,Base Substitution,1,0.00,34.00,34.00,0.00,BQSR
20FUKAAXX100202.7,-38,Cycle,Base Substitution,1,0.00,29.00,29.00,0.00,BQSR
20FUKAAXX100202.7,-42,Cycle,Base Substitution,1,0.00,26.00,26.00,0.00,BQSR
20FUKAAXX100202.7,-43,Cycle,Base Substitution,1,0.00,25.00,25.00,0.00,BQSR
20FUKAAXX100202.7,-44,Cycle,Base Substitution,1,0.00,26.00,26.00,0.00,BQSR
20FUKAAXX100202.7,-45,Cycle,Base Substitution,1,0.00,11.00,11.00,0.00,BQSR
20FUKAAXX100202.7,60,Cycle,Base Substitution,1,0.00,38.00,38.00,0.00,BQSR
20FUKAAXX100202.7,-66,Cycle,Base Substitution,1,0.00,18.00,18.00,0.00,BQSR
20FUKAAXX100202.7,-67,Cycle,Base Substitution,1,0.00,39.00,39.00,0.00,BQSR
20FUKAAXX100202.7,-81,Cycle,Base Substitution,1,0.00,35.00,35.00,0.00,BQSR
20FUKAAXX100202.7,-82,Cycle,Base Substitution,1,0.00,34.00,34.00,0.00,BQSR
20FUKAAXX100202.7,-83,Cycle,Base Substitution,1,0.00,35.00,35.00,0.00,BQSR
20FUKAAXX100202.7,-97,Cycle,Base Substitution,1,0.00,31.00,31.00,0.00,BQSR
20FUKAAXX100202.7,11,QualityScore,Base Substitution,1,0.00,11.00,11.00,0.00,BQSR
20FUKAAXX100202.7,15,QualityScore,Base Substitution,1,0.00,15.00,15.00,0.00,BQSR
20FUKAAXX100202.7,16,QualityScore,Base Substitution,1,0.00,16.00,16.00,0.00,BQSR
20FUKAAXX100202.7,18,QualityScore,Base Substitution,1,0.00,18.00,18.00,0.00,BQSR
20FUKAAXX100202.7,20,QualityScore,Base Substitution,1,0.00,20.00,20.00,0.00,BQSR
20FUKAAXX100202.7,21,QualityScore,Base Substitution,1,0.00,21.00,21.00,0.00,BQSR
20FUKAAXX100202.7,23,QualityScore,Base Substitution,1,0.00,23.00,23.00,0.00,BQSR
20FUKAAXX100202.7,25,QualityScore,Base Substitution,1,0.00,25.00,25.00,0.00,BQSR
20FUKAAXX100202.7,26,QualityScore,Base Substitution,2,0.00,26.00,26.00,0.00,BQSR
20FUKAAXX100202.7,27,QualityScore,Base Substitution,1,0.00,27.00,27.00,0.00,BQSR
20FUKAAXX100202.7,28,QualityScore,Base Substitution,1,0.00,28.00,28.00,0.00,BQSR
20FUKAAXX100202.7,29,QualityScore,Base Substitution,2,0.00,29.00,29.00,0.00,BQSR
20FUKAAXX100202.7,31,QualityScore,Base Substitution,1,0.00,31.00,31.00,0.00,BQSR
20FUKAAXX100202.7,33,QualityScore,Base Substitution,1,0.00,33.00,33.00,0.00,BQSR
20FUKAAXX100202.7,34,QualityScore,Base Substitution,3,0.00,34.00,34.00,0.00,BQSR
20FUKAAXX100202.7,35,QualityScore,Base Substitution,2,0.00,35.00,35.00,0.00,BQSR
20FUKAAXX100202.7,36,QualityScore,Base Substitution,4,0.00,36.00,36.00,0.00,BQSR
20FUKAAXX100202.7,37,QualityScore,Base Substitution,1,0.00,37.00,37.00,0.00,BQSR
20FUKAAXX100202.7,38,QualityScore,Base Substitution,6,0.00,38.00,38.00,0.00,BQSR
20FUKAAXX100202.7,39,QualityScore,Base Substitution,5,0.00,39.00,39.00,0.00,BQSR
20FUKAAXX100202.8,AA,Context,Base Substitution,8,0.00,33.00,33.98,-0.98,BQSR
20FUKAAXX100202.8,CA,Context,Base Substitution,5,0.00,36.00,36.99,-0.99,BQSR
20FUKAAXX100202.8,GA,Context,Base Substitution,3,0.00,30.00,30.02,-0.02,BQSR
20FUKAAXX100202.8,TA,Context,Base Substitution,1,0.00,38.00,38.00,0.00,BQSR
20FUKAAXX100202.8,AC,Context,Base Substitution,2,0.00,34.00,34.00,0.00,BQSR
20FUKAAXX100202.8,TC,Context,Base Substitution,1,0.00,36.00,36.00,0.00,BQSR
20FUKAAXX100202.8,TG,Context,Base Substitution,2,0.00,35.00,35.25,-0.25,BQSR
20FUKAAXX100202.8,AT,Context,Base Substitution,1,0.00,38.00,38.00,0.00,BQSR
20FUKAAXX100202.8,CT,Context,Base Substitution,1,0.00,39.00,39.00,0.00,BQSR
20FUKAAXX100202.8,GT,Context,Base Substitution,1,0.00,37.00,37.00,0.00,BQSR
20FUKAAXX100202.8,TT,Context,Base Substitution,10,0.00,29.00,29.43,-0.43,BQSR
20FUKAAXX100202.8,3,Cycle,Base Substitution,1,0.00,35.00,35.00,0.00,BQSR
20FUKAAXX100202.8,4,Cycle,Base Substitution,2,0.00,36.00,36.00,0.00,BQSR
20FUKAAXX100202.8,5,Cycle,Base Substitution,1,0.00,37.00,37.00,0.00,BQSR
20FUKAAXX100202.8,6,Cycle,Base Substitution,1,0.00,37.00,37.00,0.00,BQSR
20FUKAAXX100202.8,-6,Cycle,Base Substitution,1,0.00,34.00,34.00,0.00,BQSR
20FUKAAXX100202.8,7,Cycle,Base Substitution,1,0.00,37.00,37.00,0.00,BQSR
20FUKAAXX100202.8,8,Cycle,Base Substitution,1,0.00,33.00,33.00,0.00,BQSR
20FUKAAXX100202.8,9,Cycle,Base Substitution,1,0.00,34.00,34.00,0.00,BQSR
20FUKAAXX100202.8,10,Cycle,Base Substitution,1,0.00,34.00,34.00,0.00,BQSR
20FUKAAXX100202.8,-19,Cycle,Base Substitution,1,0.00,31.00,31.00,0.00,BQSR
20FUKAAXX100202.8,-21,Cycle,Base Substitution,1,0.00,22.00,22.00,0.00,BQSR
20FUKAAXX100202.8,23,Cycle,Base Substitution,1,0.00,27.00,27.00,0.00,BQSR
20FUKAAXX100202.8,-25,Cycle,Base Substitution,1,0.00,39.00,39.00,0.00,BQSR
20FUKAAXX100202.8,-26,Cycle,Base Substitution,1,0.00,39.00,39.00,0.00,BQSR
20FUKAAXX100202.8,-27,Cycle,Base Substitution,1,0.00,35.00,35.00,0.00,BQSR
20FUKAAXX100202.8,-30,Cycle,Base Substitution,1,0.00,38.00,38.00,0.00,BQSR
20FUKAAXX100202.8,-33,Cycle,Base Substitution,1,0.00,30.00,30.00,0.00,BQSR
20FUKAAXX100202.8,-35,Cycle,Base Substitution,1,0.00,39.00,39.00,0.00,BQSR
20FUKAAXX100202.8,42,Cycle,Base Substitution,1,0.00,35.00,35.00,0.00,BQSR
20FUKAAXX100202.8,-58,Cycle,Base Substitution,1,0.00,35.00,35.00,0.00,BQSR
20FUKAAXX100202.8,60,Cycle,Base Substitution,1,0.00,34.00,34.00,0.00,BQSR
20FUKAAXX100202.8,61,Cycle,Base Substitution,1,0.00,39.00,39.00,0.00,BQSR
20FUKAAXX100202.8,-61,Cycle,Base Substitution,1,0.00,26.00,26.00,0.00,BQSR
20FUKAAXX100202.8,62,Cycle,Base Substitution,1,0.00,39.00,39.00,0.00,BQSR
20FUKAAXX100202.8,63,Cycle,Base Substitution,1,0.00,33.00,33.00,0.00,BQSR
20FUKAAXX100202.8,64,Cycle,Base Substitution,1,0.00,34.00,34.00,0.00,BQSR
20FUKAAXX100202.8,65,Cycle,Base Substitution,1,0.00,38.00,38.00,0.00,BQSR
20FUKAAXX100202.8,66,Cycle,Base Substitution,1,0.00,39.00,39.00,0.00,BQSR
20FUKAAXX100202.8,67,Cycle,Base Substitution,1,0.00,34.00,34.00,0.00,BQSR
20FUKAAXX100202.8,73,Cycle,Base Substitution,1,0.00,38.00,38.00,0.00,BQSR
20FUKAAXX100202.8,74,Cycle,Base Substitution,1,0.00,38.00,38.00,0.00,BQSR
20FUKAAXX100202.8,-89,Cycle,Base Substitution,1,0.00,31.00,31.00,0.00,BQSR
20FUKAAXX100202.8,-97,Cycle,Base Substitution,1,0.00,38.00,38.00,0.00,BQSR
20FUKAAXX100202.8,-98,Cycle,Base Substitution,1,0.00,38.00,38.00,0.00,BQSR
20FUKAAXX100202.8,22,QualityScore,Base Substitution,1,0.00,22.00,22.00,0.00,BQSR
20FUKAAXX100202.8,26,QualityScore,Base Substitution,1,0.00,26.00,26.00,0.00,BQSR
20FUKAAXX100202.8,27,QualityScore,Base Substitution,1,0.00,27.00,27.00,0.00,BQSR
20FUKAAXX100202.8,30,QualityScore,Base Substitution,1,0.00,30.00,30.00,0.00,BQSR
20FUKAAXX100202.8,31,QualityScore,Base Substitution,2,0.00,31.00,31.00,0.00,BQSR
20FUKAAXX100202.8,33,QualityScore,Base Substitution,2,0.00,33.00,33.00,0.00,BQSR
20FUKAAXX100202.8,34,QualityScore,Base Substitution,6,0.00,34.00,34.00,0.00,BQSR
20FUKAAXX100202.8,35,QualityScore,Base Substitution,4,0.00,35.00,35.00,0.00,BQSR
20FUKAAXX100202.8,36,QualityScore,Base Substitution,2,0.00,36.00,36.00,0.00,BQSR
20FUKAAXX100202.8,37,QualityScore,Base Substitution,3,0.00,37.00,37.00,0.00,BQSR
20FUKAAXX100202.8,38,QualityScore,Base Substitution,6,0.00,38.00,38.00,0.00,BQSR
20FUKAAXX100202.8,39,QualityScore,Base Substitution,6,0.00,39.00,39.00,0.00,BQSR
20GAVAAXX100126.1,AA,Context,Base Substitution,4,0.00,29.00,29.19,-0.19,BQSR
20GAVAAXX100126.1,CA,Context,Base Substitution,9,0.00,17.00,17.51,-0.51,BQSR
20GAVAAXX100126.1,TA,Context,Base Substitution,2,0.00,9.00,9.00,-0.00,BQSR
20GAVAAXX100126.1,AC,Context,Base Substitution,5,0.00,36.00,36.00,0.00,BQSR
20GAVAAXX100126.1,GC,Context,Base Substitution,2,0.00,37.00,37.00,0.00,BQSR
20GAVAAXX100126.1,TC,Context,Base Substitution,1,0.00,34.00,34.00,0.00,BQSR
20GAVAAXX100126.1,AG,Context,Base Substitution,3,0.00,26.00,26.02,-0.02,BQSR
20GAVAAXX100126.1,TG,Context,Base Substitution,3,0.00,11.00,11.75,-0.75,BQSR
20GAVAAXX100126.1,AT,Context,Base Substitution,1,0.00,6.00,6.00,0.00,BQSR
20GAVAAXX100126.1,CT,Context,Base Substitution,1,0.00,9.00,9.00,0.00,BQSR
20GAVAAXX100126.1,GT,Context,Base Substitution,2,0.00,30.00,30.22,-0.22,BQSR
20GAVAAXX100126.1,TT,Context,Base Substitution,16,0.00,17.00,17.33,-0.33,BQSR
20GAVAAXX100126.1,-6,Cycle,Base Substitution,1,0.00,34.00,34.00,0.00,BQSR
20GAVAAXX100126.1,7,Cycle,Base Substitution,1,0.00,37.00,37.00,0.00,BQSR
20GAVAAXX100126.1,8,Cycle,Base Substitution,1,0.00,39.00,39.00,0.00,BQSR
20GAVAAXX100126.1,-9,Cycle,Base Substitution,1,0.00,6.00,6.00,0.00,BQSR
20GAVAAXX100126.1,12,Cycle,Base Substitution,1,0.00,37.00,37.00,0.00,BQSR
20GAVAAXX100126.1,13,Cycle,Base Substitution,1,0.00,39.00,39.00,0.00,BQSR
20GAVAAXX100126.1,-22,Cycle,Base Substitution,1,0.00,6.00,6.00,0.00,BQSR
20GAVAAXX100126.1,24,Cycle,Base Substitution,1,0.00,32.00,32.00,0.00,BQSR
20GAVAAXX100126.1,-25,Cycle,Base Substitution,1,0.00,36.00,36.00,0.00,BQSR
20GAVAAXX100126.1,-26,Cycle,Base Substitution,1,0.00,34.00,34.00,0.00,BQSR
20GAVAAXX100126.1,-27,Cycle,Base Substitution,1,0.00,14.00,14.00,0.00,BQSR
20GAVAAXX100126.1,-28,Cycle,Base Substitution,1,0.00,6.00,6.00,0.00,BQSR
20GAVAAXX100126.1,-31,Cycle,Base Substitution,1,0.00,31.00,31.00,0.00,BQSR
20GAVAAXX100126.1,-32,Cycle,Base Substitution,1,0.00,26.00,26.00,0.00,BQSR
20GAVAAXX100126.1,-34,Cycle,Base Substitution,2,0.00,10.00,10.01,-0.01,BQSR
20GAVAAXX100126.1,-35,Cycle,Base Substitution,1,0.00,37.00,37.00,0.00,BQSR
20GAVAAXX100126.1,39,Cycle,Base Substitution,1,0.00,28.00,28.00,0.00,BQSR
20GAVAAXX100126.1,46,Cycle,Base Substitution,1,0.00,33.00,33.00,0.00,BQSR
20GAVAAXX100126.1,52,Cycle,Base Substitution,1,0.00,39.00,39.00,0.00,BQSR
20GAVAAXX100126.1,-56,Cycle,Base Substitution,1,0.00,8.00,8.00,0.00,BQSR
20GAVAAXX100126.1,58,Cycle,Base Substitution,1,0.00,36.00,36.00,0.00,BQSR
20GAVAAXX100126.1,-58,Cycle,Base Substitution,1,0.00,37.00,37.00,0.00,BQSR
20GAVAAXX100126.1,59,Cycle,Base Substitution,2,0.00,37.00,37.25,-0.25,BQSR
20GAVAAXX100126.1,60,Cycle,Base Substitution,1,0.00,36.00,36.00,0.00,BQSR
20GAVAAXX100126.1,63,Cycle,Base Substitution,1,0.00,36.00,36.00,0.00,BQSR
20GAVAAXX100126.1,64,Cycle,Base Substitution,1,0.00,39.00,39.00,0.00,BQSR
20GAVAAXX100126.1,65,Cycle,Base Substitution,1,0.00,36.00,36.00,0.00,BQSR
20GAVAAXX100126.1,66,Cycle,Base Substitution,2,0.00,37.00,37.25,-0.25,BQSR
20GAVAAXX100126.1,67,Cycle,Base Substitution,2,0.00,35.00,35.47,-0.47,BQSR
20GAVAAXX100126.1,68,Cycle,Base Substitution,2,0.00,36.00,36.55,-0.55,BQSR
20GAVAAXX100126.1,69,Cycle,Base Substitution,1,0.00,33.00,33.00,0.00,BQSR
20GAVAAXX100126.1,-69,Cycle,Base Substitution,1,0.00,38.00,38.00,0.00,BQSR
20GAVAAXX100126.1,70,Cycle,Base Substitution,1,0.00,35.00,35.00,0.00,BQSR
20GAVAAXX100126.1,-70,Cycle,Base Substitution,1,0.00,36.00,36.00,0.00,BQSR
20GAVAAXX100126.1,71,Cycle,Base Substitution,1,0.00,36.00,36.00,0.00,BQSR
20GAVAAXX100126.1,-71,Cycle,Base Substitution,1,0.00,29.00,29.00,0.00,BQSR
20GAVAAXX100126.1,72,Cycle,Base Substitution,1,0.00,35.00,35.00,0.00,BQSR
20GAVAAXX100126.1,73,Cycle,Base Substitution,1,0.00,33.00,33.00,0.00,BQSR
20GAVAAXX100126.1,-75,Cycle,Base Substitution,1,0.00,9.00,9.00,0.00,BQSR
20GAVAAXX100126.1,79,Cycle,Base Substitution,1,0.00,35.00,35.00,0.00,BQSR
20GAVAAXX100126.1,-83,Cycle,Base Substitution,1,0.00,22.00,22.00,0.00,BQSR
20GAVAAXX100126.1,89,Cycle,Base Substitution,1,0.00,33.00,33.00,0.00,BQSR
20GAVAAXX100126.1,90,Cycle,Base Substitution,1,0.00,30.00,30.00,0.00,BQSR
20GAVAAXX100126.1,95,Cycle,Base Substitution,1,0.00,33.00,33.00,0.00,BQSR
20GAVAAXX100126.1,6,QualityScore,Base Substitution,3,0.00,6.00,6.00,0.00,BQSR
20GAVAAXX100126.1,7,QualityScore,Base Substitution,1,0.00,7.00,7.00,0.00,BQSR
20GAVAAXX100126.1,8,QualityScore,Base Substitution,1,0.00,8.00,8.00,0.00,BQSR
20GAVAAXX100126.1,9,QualityScore,Base Substitution,1,0.00,9.00,9.00,0.00,BQSR
20GAVAAXX100126.1,14,QualityScore,Base Substitution,1,0.00,14.00,14.00,0.00,BQSR
20GAVAAXX100126.1,22,QualityScore,Base Substitution,1,0.00,22.00,22.00,0.00,BQSR
20GAVAAXX100126.1,26,QualityScore,Base Substitution,1,0.00,26.00,26.00,0.00,BQSR
20GAVAAXX100126.1,28,QualityScore,Base Substitution,1,0.00,28.00,28.00,0.00,BQSR
20GAVAAXX100126.1,29,QualityScore,Base Substitution,1,0.00,29.00,29.00,0.00,BQSR
20GAVAAXX100126.1,30,QualityScore,Base Substitution,1,0.00,30.00,30.00,0.00,BQSR
20GAVAAXX100126.1,31,QualityScore,Base Substitution,1,0.00,31.00,31.00,0.00,BQSR
20GAVAAXX100126.1,32,QualityScore,Base Substitution,1,0.00,32.00,32.00,0.00,BQSR
20GAVAAXX100126.1,33,QualityScore,Base Substitution,5,0.00,33.00,33.00,0.00,BQSR
20GAVAAXX100126.1,34,QualityScore,Base Substitution,2,0.00,34.00,34.00,0.00,BQSR
20GAVAAXX100126.1,35,QualityScore,Base Substitution,5,0.00,35.00,35.00,0.00,BQSR
20GAVAAXX100126.1,36,QualityScore,Base Substitution,10,0.00,36.00,36.00,0.00,BQSR
20GAVAAXX100126.1,37,QualityScore,Base Substitution,5,0.00,37.00,37.00,0.00,BQSR
20GAVAAXX100126.1,38,QualityScore,Base Substitution,1,0.00,38.00,38.00,0.00,BQSR
20GAVAAXX100126.1,39,QualityScore,Base Substitution,7,0.00,39.00,39.00,0.00,BQSR
20GAVAAXX100126.2,AA,Context,Base Substitution,5,0.00,22.00,22.85,-0.85,BQSR
20GAVAAXX100126.2,CA,Context,Base Substitution,5,0.00,32.00,32.59,-0.59,BQSR
20GAVAAXX100126.2,GA,Context,Base Substitution,1,0.00,7.00,7.00,0.00,BQSR
20GAVAAXX100126.2,TA,Context,Base Substitution,4,0.00,11.00,11.95,-0.95,BQSR
20GAVAAXX100126.2,AC,Context,Base Substitution,3,0.00,13.00,13.74,-0.74,BQSR
20GAVAAXX100126.2,CC,Context,Base Substitution,1,0.00,8.00,8.00,0.00,BQSR
20GAVAAXX100126.2,TC,Context,Base Substitution,1,0.00,20.00,20.00,0.00,BQSR
20GAVAAXX100126.2,AG,Context,Base Substitution,2,0.00,11.00,11.99,-0.99,BQSR
20GAVAAXX100126.2,TG,Context,Base Substitution,3,0.00,22.00,22.63,-0.63,BQSR
20GAVAAXX100126.2,AT,Context,Base Substitution,2,0.00,10.00,10.01,-0.01,BQSR
20GAVAAXX100126.2,CT,Context,Base Substitution,2,0.00,12.00,12.01,-0.01,BQSR
20GAVAAXX100126.2,GT,Context,Base Substitution,3,0.00,14.00,14.12,-0.12,BQSR
20GAVAAXX100126.2,TT,Context,Base Substitution,11,0.00,18.00,18.31,-0.31,BQSR
20GAVAAXX100126.2,-3,Cycle,Base Substitution,1,0.00,31.00,31.00,0.00,BQSR
20GAVAAXX100126.2,-4,Cycle,Base Substitution,1,0.00,32.00,32.00,0.00,BQSR
20GAVAAXX100126.2,5,Cycle,Base Substitution,1,0.00,39.00,39.00,0.00,BQSR
20GAVAAXX100126.2,-5,Cycle,Base Substitution,1,0.00,34.00,34.00,0.00,BQSR
20GAVAAXX100126.2,-6,Cycle,Base Substitution,1,0.00,35.00,35.00,0.00,BQSR
20GAVAAXX100126.2,-7,Cycle,Base Substitution,1,0.00,34.00,34.00,0.00,BQSR
20GAVAAXX100126.2,-8,Cycle,Base Substitution,1,0.00,35.00,35.00,0.00,BQSR
20GAVAAXX100126.2,-9,Cycle,Base Substitution,1,0.00,35.00,35.00,0.00,BQSR
20GAVAAXX100126.2,10,Cycle,Base Substitution,2,0.00,12.00,12.00,-0.00,BQSR
20GAVAAXX100126.2,-10,Cycle,Base Substitution,1,0.00,37.00,37.00,0.00,BQSR
20GAVAAXX100126.2,11,Cycle,Base Substitution,1,0.00,38.00,38.00,0.00,BQSR
20GAVAAXX100126.2,14,Cycle,Base Substitution,1,0.00,37.00,37.00,0.00,BQSR
20GAVAAXX100126.2,-20,Cycle,Base Substitution,2,0.00,11.00,11.00,-0.00,BQSR
20GAVAAXX100126.2,-21,Cycle,Base Substitution,1,0.00,9.00,9.00,0.00,BQSR
20GAVAAXX100126.2,-22,Cycle,Base Substitution,1,0.00,6.00,6.00,0.00,BQSR
20GAVAAXX100126.2,-28,Cycle,Base Substitution,1,0.00,8.00,8.00,0.00,BQSR
20GAVAAXX100126.2,-31,Cycle,Base Substitution,1,0.00,38.00,38.00,0.00,BQSR
20GAVAAXX100126.2,-43,Cycle,Base Substitution,1,0.00,33.00,33.00,0.00,BQSR
20GAVAAXX100126.2,-44,Cycle,Base Substitution,1,0.00,10.00,10.00,0.00,BQSR
20GAVAAXX100126.2,52,Cycle,Base Substitution,1,0.00,39.00,39.00,0.00,BQSR
20GAVAAXX100126.2,-57,Cycle,Base Substitution,1,0.00,9.00,9.00,0.00,BQSR
20GAVAAXX100126.2,-58,Cycle,Base Substitution,2,0.00,10.00,10.00,-0.00,BQSR
20GAVAAXX100126.2,-59,Cycle,Base Substitution,1,0.00,7.00,7.00,0.00,BQSR
20GAVAAXX100126.2,-60,Cycle,Base Substitution,1,0.00,20.00,20.00,0.00,BQSR
20GAVAAXX100126.2,-62,Cycle,Base Substitution,1,0.00,18.00,18.00,0.00,BQSR
20GAVAAXX100126.2,-63,Cycle,Base Substitution,1,0.00,18.00,18.00,0.00,BQSR
20GAVAAXX100126.2,-65,Cycle,Base Substitution,1,0.00,25.00,25.00,0.00,BQSR
20GAVAAXX100126.2,-71,Cycle,Base Substitution,1,0.00,31.00,31.00,0.00,BQSR
20GAVAAXX100126.2,74,Cycle,Base Substitution,1,0.00,34.00,34.00,0.00,BQSR
20GAVAAXX100126.2,76,Cycle,Base Substitution,1,0.00,16.00,16.00,0.00,BQSR
20GAVAAXX100126.2,-79,Cycle,Base Substitution,1,0.00,33.00,33.00,0.00,BQSR
20GAVAAXX100126.2,-84,Cycle,Base Substitution,1,0.00,28.00,28.00,0.00,BQSR
20GAVAAXX100126.2,89,Cycle,Base Substitution,1,0.00,33.00,33.00,0.00,BQSR
20GAVAAXX100126.2,90,Cycle,Base Substitution,1,0.00,39.00,39.00,0.00,BQSR
20GAVAAXX100126.2,91,Cycle,Base Substitution,1,0.00,39.00,39.00,0.00,BQSR
20GAVAAXX100126.2,92,Cycle,Base Substitution,1,0.00,36.00,36.00,0.00,BQSR
20GAVAAXX100126.2,93,Cycle,Base Substitution,1,0.00,33.00,33.00,0.00,BQSR
20GAVAAXX100126.2,94,Cycle,Base Substitution,1,0.00,39.00,39.00,0.00,BQSR
20GAVAAXX100126.2,95,Cycle,Base Substitution,1,0.00,39.00,39.00,0.00,BQSR
20GAVAAXX100126.2,96,Cycle,Base Substitution,1,0.00,35.00,35.00,0.00,BQSR
20GAVAAXX100126.2,6,QualityScore,Base Substitution,1,0.00,6.00,6.00,0.00,BQSR
20GAVAAXX100126.2,7,QualityScore,Base Substitution,2,0.00,7.00,7.00,0.00,BQSR
20GAVAAXX100126.2,8,QualityScore,Base Substitution,2,0.00,8.00,8.00,0.00,BQSR
20GAVAAXX100126.2,9,QualityScore,Base Substitution,3,0.00,9.00,9.00,0.00,BQSR
20GAVAAXX100126.2,10,QualityScore,Base Substitution,1,0.00,10.00,10.00,0.00,BQSR
20GAVAAXX100126.2,16,QualityScore,Base Substitution,1,0.00,16.00,16.00,0.00,BQSR
20GAVAAXX100126.2,18,QualityScore,Base Substitution,2,0.00,18.00,18.00,0.00,BQSR
20GAVAAXX100126.2,20,QualityScore,Base Substitution,1,0.00,20.00,20.00,0.00,BQSR
20GAVAAXX100126.2,25,QualityScore,Base Substitution,1,0.00,25.00,25.00,0.00,BQSR
20GAVAAXX100126.2,28,QualityScore,Base Substitution,1,0.00,28.00,28.00,0.00,BQSR
20GAVAAXX100126.2,31,QualityScore,Base Substitution,2,0.00,31.00,31.00,0.00,BQSR
20GAVAAXX100126.2,32,QualityScore,Base Substitution,1,0.00,32.00,32.00,0.00,BQSR
20GAVAAXX100126.2,33,QualityScore,Base Substitution,4,0.00,33.00,33.00,0.00,BQSR
20GAVAAXX100126.2,34,QualityScore,Base Substitution,3,0.00,34.00,34.00,0.00,BQSR
20GAVAAXX100126.2,35,QualityScore,Base Substitution,5,0.00,35.00,35.00,0.00,BQSR
20GAVAAXX100126.2,36,QualityScore,Base Substitution,1,0.00,36.00,36.00,0.00,BQSR
20GAVAAXX100126.2,37,QualityScore,Base Substitution,4,0.00,37.00,37.00,0.00,BQSR
20GAVAAXX100126.2,38,QualityScore,Base Substitution,2,0.00,38.00,38.00,0.00,BQSR
20GAVAAXX100126.2,39,QualityScore,Base Substitution,6,0.00,39.00,39.00,0.00,BQSR
20GAVAAXX100126.3,AA,Context,Base Substitution,2,0.00,39.00,39.00,0.00,BQSR
20GAVAAXX100126.3,CA,Context,Base Substitution,9,0.00,31.00,31.79,-0.79,BQSR
20GAVAAXX100126.3,TA,Context,Base Substitution,1,0.00,7.00,7.00,0.00,BQSR
20GAVAAXX100126.3,AC,Context,Base Substitution,3,0.00,36.00,36.00,0.00,BQSR
20GAVAAXX100126.3,CC,Context,Base Substitution,1,0.00,15.00,15.00,0.00,BQSR
20GAVAAXX100126.3,GC,Context,Base Substitution,1,0.00,37.00,37.00,0.00,BQSR
20GAVAAXX100126.3,AG,Context,Base Substitution,1,0.00,8.00,8.00,0.00,BQSR
20GAVAAXX100126.3,GG,Context,Base Substitution,2,0.00,14.00,14.89,-0.89,BQSR
20GAVAAXX100126.3,TG,Context,Base Substitution,5,0.00,22.00,22.66,-0.66,BQSR
20GAVAAXX100126.3,AT,Context,Base Substitution,1,0.00,24.00,24.00,0.00,BQSR
20GAVAAXX100126.3,CT,Context,Base Substitution,3,0.00,23.00,23.09,-0.09,BQSR
20GAVAAXX100126.3,GT,Context,Base Substitution,1,0.00,35.00,35.00,0.00,BQSR
20GAVAAXX100126.3,TT,Context,Base Substitution,5,0.00,35.00,35.32,-0.32,BQSR
20GAVAAXX100126.3,1,Cycle,Base Substitution,1,0.00,33.00,33.00,0.00,BQSR
20GAVAAXX100126.3,2,Cycle,Base Substitution,1,0.00,33.00,33.00,0.00,BQSR
20GAVAAXX100126.3,3,Cycle,Base Substitution,1,0.00,35.00,35.00,0.00,BQSR
20GAVAAXX100126.3,4,Cycle,Base Substitution,1,0.00,33.00,33.00,0.00,BQSR
20GAVAAXX100126.3,5,Cycle,Base Substitution,1,0.00,36.00,36.00,0.00,BQSR
20GAVAAXX100126.3,6,Cycle,Base Substitution,1,0.00,37.00,37.00,0.00,BQSR
20GAVAAXX100126.3,-6,Cycle,Base Substitution,1,0.00,24.00,24.00,0.00,BQSR
20GAVAAXX100126.3,8,Cycle,Base Substitution,1,0.00,31.00,31.00,0.00,BQSR
20GAVAAXX100126.3,-14,Cycle,Base Substitution,1,0.00,38.00,38.00,0.00,BQSR
20GAVAAXX100126.3,-15,Cycle,Base Substitution,1,0.00,7.00,7.00,0.00,BQSR
20GAVAAXX100126.3,-20,Cycle,Base Substitution,1,0.00,37.00,37.00,0.00,BQSR
20GAVAAXX100126.3,-21,Cycle,Base Substitution,1,0.00,37.00,37.00,0.00,BQSR
20GAVAAXX100126.3,31,Cycle,Base Substitution,1,0.00,39.00,39.00,0.00,BQSR
20GAVAAXX100126.3,32,Cycle,Base Substitution,1,0.00,38.00,38.00,0.00,BQSR
20GAVAAXX100126.3,-36,Cycle,Base Substitution,1,0.00,24.00,24.00,0.00,BQSR
20GAVAAXX100126.3,-37,Cycle,Base Substitution,1,0.00,8.00,8.00,0.00,BQSR
20GAVAAXX100126.3,-38,Cycle,Base Substitution,1,0.00,16.00,16.00,0.00,BQSR
20GAVAAXX100126.3,48,Cycle,Base Substitution,2,0.00,36.00,36.55,-0.55,BQSR
20GAVAAXX100126.3,52,Cycle,Base Substitution,1,0.00,39.00,39.00,0.00,BQSR
20GAVAAXX100126.3,53,Cycle,Base Substitution,2,0.00,37.00,37.89,-0.89,BQSR
20GAVAAXX100126.3,54,Cycle,Base Substitution,3,0.00,37.00,37.76,-0.76,BQSR
20GAVAAXX100126.3,-54,Cycle,Base Substitution,1,0.00,19.00,19.00,0.00,BQSR
20GAVAAXX100126.3,55,Cycle,Base Substitution,1,0.00,39.00,39.00,0.00,BQSR
20GAVAAXX100126.3,56,Cycle,Base Substitution,1,0.00,36.00,36.00,0.00,BQSR
20GAVAAXX100126.3,57,Cycle,Base Substitution,1,0.00,39.00,39.00,0.00,BQSR
20GAVAAXX100126.3,58,Cycle,Base Substitution,1,0.00,36.00,36.00,0.00,BQSR
20GAVAAXX100126.3,59,Cycle,Base Substitution,1,0.00,34.00,34.00,0.00,BQSR
20GAVAAXX100126.3,-62,Cycle,Base Substitution,1,0.00,15.00,15.00,0.00,BQSR
20GAVAAXX100126.3,-63,Cycle,Base Substitution,2,0.00,16.00,16.80,-0.80,BQSR
20GAVAAXX100126.3,-86,Cycle,Base Substitution,1,0.00,17.00,17.00,0.00,BQSR
20GAVAAXX100126.3,-93,Cycle,Base Substitution,1,0.00,22.00,22.00,0.00,BQSR
20GAVAAXX100126.3,7,QualityScore,Base Substitution,1,0.00,7.00,7.00,0.00,BQSR
20GAVAAXX100126.3,8,QualityScore,Base Substitution,1,0.00,8.00,8.00,0.00,BQSR
20GAVAAXX100126.3,14,QualityScore,Base Substitution,1,0.00,14.00,14.00,0.00,BQSR
20GAVAAXX100126.3,15,QualityScore,Base Substitution,1,0.00,15.00,15.00,0.00,BQSR
20GAVAAXX100126.3,16,QualityScore,Base Substitution,1,0.00,16.00,16.00,0.00,BQSR
20GAVAAXX100126.3,17,QualityScore,Base Substitution,1,0.00,17.00,17.00,0.00,BQSR
20GAVAAXX100126.3,19,QualityScore,Base Substitution,1,0.00,19.00,19.00,0.00,BQSR
20GAVAAXX100126.3,22,QualityScore,Base Substitution,1,0.00,22.00,22.00,0.00,BQSR
20GAVAAXX100126.3,24,QualityScore,Base Substitution,2,0.00,24.00,24.00,0.00,BQSR
20GAVAAXX100126.3,27,QualityScore,Base Substitution,1,0.00,27.00,27.00,0.00,BQSR
20GAVAAXX100126.3,31,QualityScore,Base Substitution,1,0.00,31.00,31.00,0.00,BQSR
20GAVAAXX100126.3,33,QualityScore,Base Substitution,3,0.00,33.00,33.00,0.00,BQSR
20GAVAAXX100126.3,34,QualityScore,Base Substitution,1,0.00,34.00,34.00,0.00,BQSR
20GAVAAXX100126.3,35,QualityScore,Base Substitution,2,0.00,35.00,35.00,0.00,BQSR
20GAVAAXX100126.3,36,QualityScore,Base Substitution,4,0.00,36.00,36.00,0.00,BQSR
20GAVAAXX100126.3,37,QualityScore,Base Substitution,4,0.00,37.00,37.00,0.00,BQSR
20GAVAAXX100126.3,38,QualityScore,Base Substitution,2,0.00,38.00,38.00,0.00,BQSR
20GAVAAXX100126.3,39,QualityScore,Base Substitution,8,0.00,39.00,39.00,0.00,BQSR
20GAVAAXX100126.4,AA,Context,Base Substitution,7,0.00,28.00,28.99,-0.99,BQSR
20GAVAAXX100126.4,CA,Context,Base Substitution,2,0.00,36.00,36.25,-0.25,BQSR
20GAVAAXX100126.4,GA,Context,Base Substitution,4,0.00,24.00,24.50,-0.50,BQSR
20GAVAAXX100126.4,TA,Context,Base Substitution,3,0.00,10.00,10.09,-0.09,BQSR
20GAVAAXX100126.4,AG,Context,Base Substitution,2,0.00,32.00,32.37,-0.37,BQSR
20GAVAAXX100126.4,TG,Context,Base Substitution,1,0.00,34.00,34.00,0.00,BQSR
20GAVAAXX100126.4,AT,Context,Base Substitution,3,0.00,25.00,25.59,-0.59,BQSR
20GAVAAXX100126.4,CT,Context,Base Substitution,1,0.00,36.00,36.00,0.00,BQSR
20GAVAAXX100126.4,GT,Context,Base Substitution,2,0.00,11.00,12.00,-1.00,BQSR
20GAVAAXX100126.4,TT,Context,Base Substitution,8,0.00,34.00,34.42,-0.42,BQSR
20GAVAAXX100126.4,-1,Cycle,Base Substitution,1,0.00,32.00,32.00,0.00,BQSR
20GAVAAXX100126.4,5,Cycle,Base Substitution,1,0.00,38.00,38.00,0.00,BQSR
20GAVAAXX100126.4,-6,Cycle,Base Substitution,1,0.00,34.00,34.00,0.00,BQSR
20GAVAAXX100126.4,-7,Cycle,Base Substitution,1,0.00,35.00,35.00,0.00,BQSR
20GAVAAXX100126.4,-8,Cycle,Base Substitution,1,0.00,35.00,35.00,0.00,BQSR
20GAVAAXX100126.4,-11,Cycle,Base Substitution,1,0.00,38.00,38.00,0.00,BQSR
20GAVAAXX100126.4,16,Cycle,Base Substitution,1,0.00,37.00,37.00,0.00,BQSR
20GAVAAXX100126.4,-18,Cycle,Base Substitution,1,0.00,36.00,36.00,0.00,BQSR
20GAVAAXX100126.4,-20,Cycle,Base Substitution,1,0.00,36.00,36.00,0.00,BQSR
20GAVAAXX100126.4,21,Cycle,Base Substitution,1,0.00,38.00,38.00,0.00,BQSR
20GAVAAXX100126.4,22,Cycle,Base Substitution,1,0.00,39.00,39.00,0.00,BQSR
20GAVAAXX100126.4,-22,Cycle,Base Substitution,1,0.00,36.00,36.00,0.00,BQSR
20GAVAAXX100126.4,-28,Cycle,Base Substitution,1,0.00,29.00,29.00,0.00,BQSR
20GAVAAXX100126.4,-31,Cycle,Base Substitution,1,0.00,38.00,38.00,0.00,BQSR
20GAVAAXX100126.4,-36,Cycle,Base Substitution,1,0.00,35.00,35.00,0.00,BQSR
20GAVAAXX100126.4,-43,Cycle,Base Substitution,1,0.00,30.00,30.00,0.00,BQSR
20GAVAAXX100126.4,-46,Cycle,Base Substitution,1,0.00,26.00,26.00,0.00,BQSR
20GAVAAXX100126.4,-47,Cycle,Base Substitution,2,0.00,12.00,12.00,-0.00,BQSR
20GAVAAXX100126.4,-49,Cycle,Base Substitution,1,0.00,28.00,28.00,0.00,BQSR
20GAVAAXX100126.4,-51,Cycle,Base Substitution,1,0.00,34.00,34.00,0.00,BQSR
20GAVAAXX100126.4,-52,Cycle,Base Substitution,1,0.00,31.00,31.00,0.00,BQSR
20GAVAAXX100126.4,-53,Cycle,Base Substitution,1,0.00,38.00,38.00,0.00,BQSR
20GAVAAXX100126.4,-56,Cycle,Base Substitution,2,0.00,34.00,34.47,-0.47,BQSR
20GAVAAXX100126.4,-57,Cycle,Base Substitution,1,0.00,19.00,19.00,0.00,BQSR
20GAVAAXX100126.4,-58,Cycle,Base Substitution,1,0.00,26.00,26.00,0.00,BQSR
20GAVAAXX100126.4,-59,Cycle,Base Substitution,1,0.00,24.00,24.00,0.00,BQSR
20GAVAAXX100126.4,-60,Cycle,Base Substitution,1,0.00,25.00,25.00,0.00,BQSR
20GAVAAXX100126.4,-62,Cycle,Base Substitution,1,0.00,6.00,6.00,0.00,BQSR
20GAVAAXX100126.4,-67,Cycle,Base Substitution,1,0.00,33.00,33.00,0.00,BQSR
20GAVAAXX100126.4,-72,Cycle,Base Substitution,1,0.00,30.00,30.00,0.00,BQSR
20GAVAAXX100126.4,-84,Cycle,Base Substitution,1,0.00,14.00,14.00,0.00,BQSR
20GAVAAXX100126.4,-85,Cycle,Base Substitution,1,0.00,24.00,24.00,0.00,BQSR
20GAVAAXX100126.4,6,QualityScore,Base Substitution,1,0.00,6.00,6.00,0.00,BQSR
20GAVAAXX100126.4,9,QualityScore,Base Substitution,1,0.00,9.00,9.00,0.00,BQSR
20GAVAAXX100126.4,14,QualityScore,Base Substitution,1,0.00,14.00,14.00,0.00,BQSR
20GAVAAXX100126.4,19,QualityScore,Base Substitution,1,0.00,19.00,19.00,0.00,BQSR
20GAVAAXX100126.4,24,QualityScore,Base Substitution,2,0.00,24.00,24.00,0.00,BQSR
20GAVAAXX100126.4,25,QualityScore,Base Substitution,1,0.00,25.00,25.00,0.00,BQSR
20GAVAAXX100126.4,26,QualityScore,Base Substitution,2,0.00,26.00,26.00,0.00,BQSR
20GAVAAXX100126.4,28,QualityScore,Base Substitution,1,0.00,28.00,28.00,0.00,BQSR
20GAVAAXX100126.4,29,QualityScore,Base Substitution,1,0.00,29.00,29.00,0.00,BQSR
20GAVAAXX100126.4,30,QualityScore,Base Substitution,2,0.00,30.00,30.00,0.00,BQSR
20GAVAAXX100126.4,31,QualityScore,Base Substitution,1,0.00,31.00,31.00,0.00,BQSR
20GAVAAXX100126.4,32,QualityScore,Base Substitution,1,0.00,32.00,32.00,0.00,BQSR
20GAVAAXX100126.4,33,QualityScore,Base Substitution,1,0.00,33.00,33.00,0.00,BQSR
20GAVAAXX100126.4,34,QualityScore,Base Substitution,3,0.00,34.00,34.00,0.00,BQSR
20GAVAAXX100126.4,35,QualityScore,Base Substitution,4,0.00,35.00,35.00,0.00,BQSR
20GAVAAXX100126.4,36,QualityScore,Base Substitution,3,0.00,36.00,36.00,0.00,BQSR
20GAVAAXX100126.4,37,QualityScore,Base Substitution,2,0.00,37.00,37.00,0.00,BQSR
20GAVAAXX100126.4,38,QualityScore,Base Substitution,5,0.00,38.00,38.00,0.00,BQSR
20GAVAAXX100126.4,39,QualityScore,Base Substitution,1,0.00,39.00,39.00,0.00,BQSR
20GAVAAXX100126.5,AA,Context,Base Substitution,14,0.00,20.00,20.29,-0.29,BQSR
20GAVAAXX100126.5,CA,Context,Base Substitution,8,0.00,34.00,34.20,-0.20,BQSR
20GAVAAXX100126.5,GA,Context,Base Substitution,4,0.00,37.00,37.82,-0.82,BQSR
20GAVAAXX100126.5,TA,Context,Base Substitution,27,0.00,20.00,20.24,-0.24,BQSR
20GAVAAXX100126.5,AC,Context,Base Substitution,4,0.00,31.00,31.95,-0.95,BQSR
20GAVAAXX100126.5,GC,Context,Base Substitution,2,0.00,37.00,37.47,-0.47,BQSR
20GAVAAXX100126.5,TC,Context,Base Substitution,1,0.00,13.00,13.00,0.00,BQSR
20GAVAAXX100126.5,AG,Context,Base Substitution,3,0.00,10.00,10.76,-0.76,BQSR
20GAVAAXX100126.5,TG,Context,Base Substitution,4,0.00,38.00,38.23,-0.23,BQSR
20GAVAAXX100126.5,AT,Context,Base Substitution,26,0.00,37.00,37.07,-0.07,BQSR
20GAVAAXX100126.5,CT,Context,Base Substitution,1,0.00,38.00,38.00,0.00,BQSR
20GAVAAXX100126.5,GT,Context,Base Substitution,2,0.00,36.00,36.25,-0.25,BQSR
20GAVAAXX100126.5,TT,Context,Base Substitution,19,0.00,28.00,28.22,-0.22,BQSR
20GAVAAXX100126.5,1,Cycle,Base Substitution,1,0.00,36.00,36.00,0.00,BQSR
20GAVAAXX100126.5,2,Cycle,Base Substitution,1,0.00,35.00,35.00,0.00,BQSR
20GAVAAXX100126.5,3,Cycle,Base Substitution,1,0.00,35.00,35.00,0.00,BQSR
20GAVAAXX100126.5,4,Cycle,Base Substitution,1,0.00,36.00,36.00,0.00,BQSR
20GAVAAXX100126.5,5,Cycle,Base Substitution,1,0.00,37.00,37.00,0.00,BQSR
20GAVAAXX100126.5,6,Cycle,Base Substitution,1,0.00,37.00,37.00,0.00,BQSR
20GAVAAXX100126.5,7,Cycle,Base Substitution,2,0.00,22.00,22.92,-0.92,BQSR
20GAVAAXX100126.5,-7,Cycle,Base Substitution,1,0.00,36.00,36.00,0.00,BQSR
20GAVAAXX100126.5,8,Cycle,Base Substitution,1,0.00,38.00,38.00,0.00,BQSR
20GAVAAXX100126.5,-8,Cycle,Base Substitution,1,0.00,36.00,36.00,0.00,BQSR
20GAVAAXX100126.5,9,Cycle,Base Substitution,1,0.00,37.00,37.00,0.00,BQSR
20GAVAAXX100126.5,-9,Cycle,Base Substitution,2,0.00,36.00,36.47,-0.47,BQSR
20GAVAAXX100126.5,10,Cycle,Base Substitution,1,0.00,37.00,37.00,0.00,BQSR
20GAVAAXX100126.5,-10,Cycle,Base Substitution,1,0.00,37.00,37.00,0.00,BQSR
20GAVAAXX100126.5,11,Cycle,Base Substitution,1,0.00,37.00,37.00,0.00,BQSR
20GAVAAXX100126.5,12,Cycle,Base Substitution,1,0.00,37.00,37.00,0.00,BQSR
20GAVAAXX100126.5,13,Cycle,Base Substitution,1,0.00,37.00,37.00,0.00,BQSR
20GAVAAXX100126.5,14,Cycle,Base Substitution,1,0.00,37.00,37.00,0.00,BQSR
20GAVAAXX100126.5,15,Cycle,Base Substitution,1,0.00,38.00,38.00,0.00,BQSR
20GAVAAXX100126.5,-15,Cycle,Base Substitution,1,0.00,6.00,6.00,0.00,BQSR
20GAVAAXX100126.5,16,Cycle,Base Substitution,1,0.00,37.00,37.00,0.00,BQSR
20GAVAAXX100126.5,17,Cycle,Base Substitution,1,0.00,36.00,36.00,0.00,BQSR
20GAVAAXX100126.5,18,Cycle,Base Substitution,1,0.00,39.00,39.00,0.00,BQSR
20GAVAAXX100126.5,19,Cycle,Base Substitution,1,0.00,37.00,37.00,0.00,BQSR
20GAVAAXX100126.5,20,Cycle,Base Substitution,1,0.00,38.00,38.00,0.00,BQSR
20GAVAAXX100126.5,21,Cycle,Base Substitution,1,0.00,37.00,37.00,0.00,BQSR
20GAVAAXX100126.5,22,Cycle,Base Substitution,1,0.00,38.00,38.00,0.00,BQSR
20GAVAAXX100126.5,23,Cycle,Base Substitution,1,0.00,39.00,39.00,0.00,BQSR
20GAVAAXX100126.5,24,Cycle,Base Substitution,1,0.00,39.00,39.00,0.00,BQSR
20GAVAAXX100126.5,-24,Cycle,Base Substitution,1,0.00,37.00,37.00,0.00,BQSR
20GAVAAXX100126.5,25,Cycle,Base Substitution,1,0.00,37.00,37.00,0.00,BQSR
20GAVAAXX100126.5,26,Cycle,Base Substitution,1,0.00,38.00,38.00,0.00,BQSR
20GAVAAXX100126.5,27,Cycle,Base Substitution,1,0.00,38.00,38.00,0.00,BQSR
20GAVAAXX100126.5,28,Cycle,Base Substitution,1,0.00,37.00,37.00,0.00,BQSR
20GAVAAXX100126.5,29,Cycle,Base Substitution,1,0.00,38.00,38.00,0.00,BQSR
20GAVAAXX100126.5,30,Cycle,Base Substitution,1,0.00,36.00,36.00,0.00,BQSR
20GAVAAXX100126.5,31,Cycle,Base Substitution,1,0.00,39.00,39.00,0.00,BQSR
20GAVAAXX100126.5,32,Cycle,Base Substitution,2,0.00,21.00,21.94,-0.94,BQSR
20GAVAAXX100126.5,33,Cycle,Base Substitution,1,0.00,38.00,38.00,0.00,BQSR
20GAVAAXX100126.5,34,Cycle,Base Substitution,1,0.00,37.00,37.00,0.00,BQSR
20GAVAAXX100126.5,35,Cycle,Base Substitution,2,0.00,37.00,37.47,-0.47,BQSR
20GAVAAXX100126.5,36,Cycle,Base Substitution,2,0.00,38.00,38.47,-0.47,BQSR
20GAVAAXX100126.5,37,Cycle,Base Substitution,1,0.00,37.00,37.00,0.00,BQSR
20GAVAAXX100126.5,38,Cycle,Base Substitution,1,0.00,38.00,38.00,0.00,BQSR
20GAVAAXX100126.5,39,Cycle,Base Substitution,1,0.00,37.00,37.00,0.00,BQSR
20GAVAAXX100126.5,40,Cycle,Base Substitution,1,0.00,38.00,38.00,0.00,BQSR
20GAVAAXX100126.5,41,Cycle,Base Substitution,1,0.00,37.00,37.00,0.00,BQSR
20GAVAAXX100126.5,42,Cycle,Base Substitution,1,0.00,38.00,38.00,0.00,BQSR
20GAVAAXX100126.5,43,Cycle,Base Substitution,1,0.00,37.00,37.00,0.00,BQSR
20GAVAAXX100126.5,44,Cycle,Base Substitution,1,0.00,38.00,38.00,0.00,BQSR
20GAVAAXX100126.5,45,Cycle,Base Substitution,1,0.00,38.00,38.00,0.00,BQSR
20GAVAAXX100126.5,46,Cycle,Base Substitution,1,0.00,38.00,38.00,0.00,BQSR
20GAVAAXX100126.5,-46,Cycle,Base Substitution,1,0.00,31.00,31.00,0.00,BQSR
20GAVAAXX100126.5,47,Cycle,Base Substitution,1,0.00,39.00,39.00,0.00,BQSR
20GAVAAXX100126.5,48,Cycle,Base Substitution,1,0.00,37.00,37.00,0.00,BQSR
20GAVAAXX100126.5,49,Cycle,Base Substitution,1,0.00,38.00,38.00,0.00,BQSR
20GAVAAXX100126.5,50,Cycle,Base Substitution,1,0.00,37.00,37.00,0.00,BQSR
20GAVAAXX100126.5,51,Cycle,Base Substitution,1,0.00,38.00,38.00,0.00,BQSR
20GAVAAXX100126.5,52,Cycle,Base Substitution,1,0.00,38.00,38.00,0.00,BQSR
20GAVAAXX100126.5,-52,Cycle,Base Substitution,1,0.00,31.00,31.00,0.00,BQSR
20GAVAAXX100126.5,53,Cycle,Base Substitution,1,0.00,38.00,38.00,0.00,BQSR
20GAVAAXX100126.5,-53,Cycle,Base Substitution,1,0.00,29.00,29.00,0.00,BQSR
20GAVAAXX100126.5,54,Cycle,Base Substitution,1,0.00,38.00,38.00,0.00,BQSR
20GAVAAXX100126.5,-54,Cycle,Base Substitution,1,0.00,9.00,9.00,0.00,BQSR
20GAVAAXX100126.5,55,Cycle,Base Substitution,1,0.00,38.00,38.00,0.00,BQSR
20GAVAAXX100126.5,-55,Cycle,Base Substitution,1,0.00,25.00,25.00,0.00,BQSR
20GAVAAXX100126.5,56,Cycle,Base Substitution,1,0.00,38.00,38.00,0.00,BQSR
20GAVAAXX100126.5,-56,Cycle,Base Substitution,1,0.00,29.00,29.00,0.00,BQSR
20GAVAAXX100126.5,57,Cycle,Base Substitution,2,0.00,32.00,32.37,-0.37,BQSR
20GAVAAXX100126.5,-57,Cycle,Base Substitution,1,0.00,33.00,33.00,0.00,BQSR
20GAVAAXX100126.5,58,Cycle,Base Substitution,3,0.00,17.00,17.75,-0.75,BQSR
20GAVAAXX100126.5,-58,Cycle,Base Substitution,1,0.00,36.00,36.00,0.00,BQSR
20GAVAAXX100126.5,59,Cycle,Base Substitution,2,0.00,36.00,36.89,-0.89,BQSR
20GAVAAXX100126.5,-59,Cycle,Base Substitution,1,0.00,39.00,39.00,0.00,BQSR
20GAVAAXX100126.5,60,Cycle,Base Substitution,2,0.00,36.00,36.89,-0.89,BQSR
20GAVAAXX100126.5,61,Cycle,Base Substitution,2,0.00,38.00,38.00,0.00,BQSR
20GAVAAXX100126.5,-61,Cycle,Base Substitution,1,0.00,38.00,38.00,0.00,BQSR
20GAVAAXX100126.5,62,Cycle,Base Substitution,2,0.00,38.00,38.47,-0.47,BQSR
20GAVAAXX100126.5,-62,Cycle,Base Substitution,1,0.00,38.00,38.00,0.00,BQSR
20GAVAAXX100126.5,63,Cycle,Base Substitution,1,0.00,39.00,39.00,0.00,BQSR
20GAVAAXX100126.5,-63,Cycle,Base Substitution,1,0.00,38.00,38.00,0.00,BQSR
20GAVAAXX100126.5,64,Cycle,Base Substitution,1,0.00,38.00,38.00,0.00,BQSR
20GAVAAXX100126.5,-64,Cycle,Base Substitution,1,0.00,39.00,39.00,0.00,BQSR
20GAVAAXX100126.5,65,Cycle,Base Substitution,1,0.00,38.00,38.00,0.00,BQSR
20GAVAAXX100126.5,-65,Cycle,Base Substitution,1,0.00,38.00,38.00,0.00,BQSR
20GAVAAXX100126.5,66,Cycle,Base Substitution,2,0.00,36.00,36.25,-0.25,BQSR
20GAVAAXX100126.5,-66,Cycle,Base Substitution,1,0.00,38.00,38.00,0.00,BQSR
20GAVAAXX100126.5,67,Cycle,Base Substitution,2,0.00,29.00,29.68,-0.68,BQSR
20GAVAAXX100126.5,-67,Cycle,Base Substitution,1,0.00,38.00,38.00,0.00,BQSR
20GAVAAXX100126.5,68,Cycle,Base Substitution,2,0.00,39.00,39.00,0.00,BQSR
20GAVAAXX100126.5,-68,Cycle,Base Substitution,1,0.00,38.00,38.00,0.00,BQSR
20GAVAAXX100126.5,69,Cycle,Base Substitution,1,0.00,38.00,38.00,0.00,BQSR
20GAVAAXX100126.5,70,Cycle,Base Substitution,1,0.00,38.00,38.00,0.00,BQSR
20GAVAAXX100126.5,71,Cycle,Base Substitution,1,0.00,39.00,39.00,0.00,BQSR
20GAVAAXX100126.5,-81,Cycle,Base Substitution,1,0.00,6.00,6.00,0.00,BQSR
20GAVAAXX100126.5,82,Cycle,Base Substitution,1,0.00,37.00,37.00,0.00,BQSR
20GAVAAXX100126.5,-82,Cycle,Base Substitution,1,0.00,39.00,39.00,0.00,BQSR
20GAVAAXX100126.5,-84,Cycle,Base Substitution,1,0.00,34.00,34.00,0.00,BQSR
20GAVAAXX100126.5,-85,Cycle,Base Substitution,1,0.00,36.00,36.00,0.00,BQSR
20GAVAAXX100126.5,94,Cycle,Base Substitution,1,0.00,38.00,38.00,0.00,BQSR
20GAVAAXX100126.5,95,Cycle,Base Substitution,1,0.00,38.00,38.00,0.00,BQSR
20GAVAAXX100126.5,6,QualityScore,Base Substitution,2,0.00,6.00,6.00,0.00,BQSR
20GAVAAXX100126.5,9,QualityScore,Base Substitution,1,0.00,9.00,9.00,0.00,BQSR
20GAVAAXX100126.5,13,QualityScore,Base Substitution,1,0.00,13.00,13.00,0.00,BQSR
20GAVAAXX100126.5,19,QualityScore,Base Substitution,1,0.00,19.00,19.00,0.00,BQSR
20GAVAAXX100126.5,20,QualityScore,Base Substitution,1,0.00,20.00,20.00,0.00,BQSR
20GAVAAXX100126.5,25,QualityScore,Base Substitution,1,0.00,25.00,25.00,0.00,BQSR
20GAVAAXX100126.5,27,QualityScore,Base Substitution,1,0.00,27.00,27.00,0.00,BQSR
20GAVAAXX100126.5,29,QualityScore,Base Substitution,2,0.00,29.00,29.00,0.00,BQSR
20GAVAAXX100126.5,30,QualityScore,Base Substitution,1,0.00,30.00,30.00,0.00,BQSR
20GAVAAXX100126.5,31,QualityScore,Base Substitution,2,0.00,31.00,31.00,0.00,BQSR
20GAVAAXX100126.5,33,QualityScore,Base Substitution,1,0.00,33.00,33.00,0.00,BQSR
20GAVAAXX100126.5,34,QualityScore,Base Substitution,1,0.00,34.00,34.00,0.00,BQSR
20GAVAAXX100126.5,35,QualityScore,Base Substitution,3,0.00,35.00,35.00,0.00,BQSR
20GAVAAXX100126.5,36,QualityScore,Base Substitution,11,0.00,36.00,36.00,0.00,BQSR
20GAVAAXX100126.5,37,QualityScore,Base Substitution,27,0.00,37.00,37.00,0.00,BQSR
20GAVAAXX100126.5,38,QualityScore,Base Substitution,45,0.00,38.00,38.00,0.00,BQSR
20GAVAAXX100126.5,39,QualityScore,Base Substitution,15,0.00,39.00,39.00,0.00,BQSR
20GAVAAXX100126.6,AA,Context,Base Substitution,7,0.00,15.00,15.54,-0.54,BQSR
20GAVAAXX100126.6,CA,Context,Base Substitution,5,0.00,32.00,32.54,-0.54,BQSR
20GAVAAXX100126.6,GA,Context,Base Substitution,1,0.00,37.00,37.00,0.00,BQSR
20GAVAAXX100126.6,TA,Context,Base Substitution,2,0.00,11.00,11.99,-0.99,BQSR
20GAVAAXX100126.6,AC,Context,Base Substitution,2,0.00,21.00,21.22,-0.22,BQSR
20GAVAAXX100126.6,GC,Context,Base Substitution,1,0.00,18.00,18.00,0.00,BQSR
20GAVAAXX100126.6,AG,Context,Base Substitution,1,0.00,27.00,27.00,0.00,BQSR
20GAVAAXX100126.6,TG,Context,Base Substitution,2,0.00,35.00,35.25,-0.25,BQSR
20GAVAAXX100126.6,AT,Context,Base Substitution,2,0.00,31.00,31.89,-0.89,BQSR
20GAVAAXX100126.6,GT,Context,Base Substitution,4,0.00,30.00,30.82,-0.82,BQSR
20GAVAAXX100126.6,TT,Context,Base Substitution,10,0.00,32.00,32.82,-0.82,BQSR
20GAVAAXX100126.6,9,Cycle,Base Substitution,1,0.00,31.00,31.00,0.00,BQSR
20GAVAAXX100126.6,10,Cycle,Base Substitution,1,0.00,37.00,37.00,0.00,BQSR
20GAVAAXX100126.6,11,Cycle,Base Substitution,1,0.00,37.00,37.00,0.00,BQSR
20GAVAAXX100126.6,-14,Cycle,Base Substitution,1,0.00,34.00,34.00,0.00,BQSR
20GAVAAXX100126.6,-20,Cycle,Base Substitution,1,0.00,39.00,39.00,0.00,BQSR
20GAVAAXX100126.6,27,Cycle,Base Substitution,1,0.00,37.00,37.00,0.00,BQSR
20GAVAAXX100126.6,-31,Cycle,Base Substitution,1,0.00,9.00,9.00,0.00,BQSR
20GAVAAXX100126.6,-32,Cycle,Base Substitution,1,0.00,36.00,36.00,0.00,BQSR
20GAVAAXX100126.6,-48,Cycle,Base Substitution,1,0.00,17.00,17.00,0.00,BQSR
20GAVAAXX100126.6,49,Cycle,Base Substitution,1,0.00,26.00,26.00,0.00,BQSR
20GAVAAXX100126.6,50,Cycle,Base Substitution,1,0.00,32.00,32.00,0.00,BQSR
20GAVAAXX100126.6,-50,Cycle,Base Substitution,1,0.00,35.00,35.00,0.00,BQSR
20GAVAAXX100126.6,51,Cycle,Base Substitution,2,0.00,21.00,21.74,-0.74,BQSR
20GAVAAXX100126.6,52,Cycle,Base Substitution,1,0.00,25.00,25.00,0.00,BQSR
20GAVAAXX100126.6,53,Cycle,Base Substitution,1,0.00,19.00,19.00,0.00,BQSR
20GAVAAXX100126.6,54,Cycle,Base Substitution,1,0.00,28.00,28.00,0.00,BQSR
20GAVAAXX100126.6,55,Cycle,Base Substitution,1,0.00,30.00,30.00,0.00,BQSR
20GAVAAXX100126.6,56,Cycle,Base Substitution,3,0.00,12.00,12.73,-0.73,BQSR
20GAVAAXX100126.6,57,Cycle,Base Substitution,1,0.00,38.00,38.00,0.00,BQSR
20GAVAAXX100126.6,58,Cycle,Base Substitution,1,0.00,36.00,36.00,0.00,BQSR
20GAVAAXX100126.6,-58,Cycle,Base Substitution,1,0.00,33.00,33.00,0.00,BQSR
20GAVAAXX100126.6,59,Cycle,Base Substitution,2,0.00,35.00,35.00,0.00,BQSR
20GAVAAXX100126.6,60,Cycle,Base Substitution,1,0.00,35.00,35.00,0.00,BQSR
20GAVAAXX100126.6,61,Cycle,Base Substitution,3,0.00,32.00,32.74,-0.74,BQSR
20GAVAAXX100126.6,62,Cycle,Base Substitution,1,0.00,26.00,26.00,0.00,BQSR
20GAVAAXX100126.6,-66,Cycle,Base Substitution,1,0.00,18.00,18.00,0.00,BQSR
20GAVAAXX100126.6,-67,Cycle,Base Substitution,1,0.00,35.00,35.00,0.00,BQSR
20GAVAAXX100126.6,-70,Cycle,Base Substitution,1,0.00,32.00,32.00,0.00,BQSR
20GAVAAXX100126.6,-75,Cycle,Base Substitution,1,0.00,27.00,27.00,0.00,BQSR
20GAVAAXX100126.6,-76,Cycle,Base Substitution,1,0.00,33.00,33.00,0.00,BQSR
20GAVAAXX100126.6,93,Cycle,Base Substitution,1,0.00,39.00,39.00,0.00,BQSR
20GAVAAXX100126.6,8,QualityScore,Base Substitution,1,0.00,8.00,8.00,0.00,BQSR
20GAVAAXX100126.6,9,QualityScore,Base Substitution,1,0.00,9.00,9.00,0.00,BQSR
20GAVAAXX100126.6,17,QualityScore,Base Substitution,1,0.00,17.00,17.00,0.00,BQSR
20GAVAAXX100126.6,18,QualityScore,Base Substitution,1,0.00,18.00,18.00,0.00,BQSR
20GAVAAXX100126.6,19,QualityScore,Base Substitution,2,0.00,19.00,19.00,0.00,BQSR
20GAVAAXX100126.6,25,QualityScore,Base Substitution,1,0.00,25.00,25.00,0.00,BQSR
20GAVAAXX100126.6,26,QualityScore,Base Substitution,2,0.00,26.00,26.00,0.00,BQSR
20GAVAAXX100126.6,27,QualityScore,Base Substitution,1,0.00,27.00,27.00,0.00,BQSR
20GAVAAXX100126.6,28,QualityScore,Base Substitution,1,0.00,28.00,28.00,0.00,BQSR
20GAVAAXX100126.6,29,QualityScore,Base Substitution,1,0.00,29.00,29.00,0.00,BQSR
20GAVAAXX100126.6,30,QualityScore,Base Substitution,2,0.00,30.00,30.00,0.00,BQSR
20GAVAAXX100126.6,31,QualityScore,Base Substitution,2,0.00,31.00,31.00,0.00,BQSR
20GAVAAXX100126.6,32,QualityScore,Base Substitution,2,0.00,32.00,32.00,0.00,BQSR
20GAVAAXX100126.6,33,QualityScore,Base Substitution,2,0.00,33.00,33.00,0.00,BQSR
20GAVAAXX100126.6,34,QualityScore,Base Substitution,2,0.00,34.00,34.00,0.00,BQSR
20GAVAAXX100126.6,35,QualityScore,Base Substitution,5,0.00,35.00,35.00,0.00,BQSR
20GAVAAXX100126.6,36,QualityScore,Base Substitution,2,0.00,36.00,36.00,0.00,BQSR
20GAVAAXX100126.6,37,QualityScore,Base Substitution,5,0.00,37.00,37.00,0.00,BQSR
20GAVAAXX100126.6,38,QualityScore,Base Substitution,1,0.00,38.00,38.00,0.00,BQSR
20GAVAAXX100126.6,39,QualityScore,Base Substitution,2,0.00,39.00,39.00,0.00,BQSR
20GAVAAXX100126.7,AA,Context,Base Substitution,5,0.00,33.00,33.72,-0.72,BQSR
20GAVAAXX100126.7,CA,Context,Base Substitution,7,0.00,36.00,36.14,-0.14,BQSR
20GAVAAXX100126.7,GA,Context,Base Substitution,2,0.00,31.00,31.82,-0.82,BQSR
20GAVAAXX100126.7,TA,Context,Base Substitution,30,0.00,28.00,28.90,-0.90,BQSR
20GAVAAXX100126.7,AC,Context,Base Substitution,4,0.00,32.00,32.41,-0.41,BQSR
20GAVAAXX100126.7,CC,Context,Base Substitution,1,0.00,29.00,29.00,0.00,BQSR
20GAVAAXX100126.7,GC,Context,Base Substitution,1,0.00,36.00,36.00,0.00,BQSR
20GAVAAXX100126.7,TC,Context,Base Substitution,2,0.00,24.00,24.88,-0.88,BQSR
20GAVAAXX100126.7,AG,Context,Base Substitution,4,0.00,22.00,22.99,-0.99,BQSR
20GAVAAXX100126.7,CG,Context,Base Substitution,1,0.00,16.00,16.00,0.00,BQSR
20GAVAAXX100126.7,TG,Context,Base Substitution,1,0.00,38.00,38.00,0.00,BQSR
20GAVAAXX100126.7,AT,Context,Base Substitution,26,0.00,21.00,21.05,-0.05,BQSR
20GAVAAXX100126.7,CT,Context,Base Substitution,5,0.00,14.00,14.89,-0.89,BQSR
20GAVAAXX100126.7,GT,Context,Base Substitution,3,0.00,32.00,32.08,-0.08,BQSR
20GAVAAXX100126.7,TT,Context,Base Substitution,19,0.00,18.00,18.36,-0.36,BQSR
20GAVAAXX100126.7,1,Cycle,Base Substitution,1,0.00,34.00,34.00,0.00,BQSR
20GAVAAXX100126.7,2,Cycle,Base Substitution,1,0.00,35.00,35.00,0.00,BQSR
20GAVAAXX100126.7,3,Cycle,Base Substitution,1,0.00,38.00,38.00,0.00,BQSR
20GAVAAXX100126.7,4,Cycle,Base Substitution,1,0.00,37.00,37.00,0.00,BQSR
20GAVAAXX100126.7,5,Cycle,Base Substitution,1,0.00,37.00,37.00,0.00,BQSR
20GAVAAXX100126.7,6,Cycle,Base Substitution,2,0.00,37.00,37.00,0.00,BQSR
20GAVAAXX100126.7,7,Cycle,Base Substitution,1,0.00,37.00,37.00,0.00,BQSR
20GAVAAXX100126.7,-7,Cycle,Base Substitution,1,0.00,30.00,30.00,0.00,BQSR
20GAVAAXX100126.7,8,Cycle,Base Substitution,1,0.00,37.00,37.00,0.00,BQSR
20GAVAAXX100126.7,9,Cycle,Base Substitution,1,0.00,37.00,37.00,0.00,BQSR
20GAVAAXX100126.7,10,Cycle,Base Substitution,1,0.00,37.00,37.00,0.00,BQSR
20GAVAAXX100126.7,11,Cycle,Base Substitution,1,0.00,37.00,37.00,0.00,BQSR
20GAVAAXX100126.7,12,Cycle,Base Substitution,1,0.00,37.00,37.00,0.00,BQSR
20GAVAAXX100126.7,-12,Cycle,Base Substitution,1,0.00,25.00,25.00,0.00,BQSR
20GAVAAXX100126.7,13,Cycle,Base Substitution,1,0.00,38.00,38.00,0.00,BQSR
20GAVAAXX100126.7,-13,Cycle,Base Substitution,1,0.00,36.00,36.00,0.00,BQSR
20GAVAAXX100126.7,14,Cycle,Base Substitution,1,0.00,37.00,37.00,0.00,BQSR
20GAVAAXX100126.7,-14,Cycle,Base Substitution,2,0.00,31.00,31.04,-0.04,BQSR
20GAVAAXX100126.7,15,Cycle,Base Substitution,1,0.00,37.00,37.00,0.00,BQSR
20GAVAAXX100126.7,16,Cycle,Base Substitution,1,0.00,38.00,38.00,0.00,BQSR
20GAVAAXX100126.7,17,Cycle,Base Substitution,1,0.00,37.00,37.00,0.00,BQSR
20GAVAAXX100126.7,-17,Cycle,Base Substitution,1,0.00,32.00,32.00,0.00,BQSR
20GAVAAXX100126.7,18,Cycle,Base Substitution,2,0.00,38.00,38.47,-0.47,BQSR
20GAVAAXX100126.7,19,Cycle,Base Substitution,3,0.00,37.00,37.92,-0.92,BQSR
20GAVAAXX100126.7,20,Cycle,Base Substitution,1,0.00,38.00,38.00,0.00,BQSR
20GAVAAXX100126.7,21,Cycle,Base Substitution,1,0.00,38.00,38.00,0.00,BQSR
20GAVAAXX100126.7,22,Cycle,Base Substitution,1,0.00,36.00,36.00,0.00,BQSR
20GAVAAXX100126.7,23,Cycle,Base Substitution,1,0.00,39.00,39.00,0.00,BQSR
20GAVAAXX100126.7,24,Cycle,Base Substitution,1,0.00,37.00,37.00,0.00,BQSR
20GAVAAXX100126.7,25,Cycle,Base Substitution,1,0.00,38.00,38.00,0.00,BQSR
20GAVAAXX100126.7,-25,Cycle,Base Substitution,1,0.00,39.00,39.00,0.00,BQSR
20GAVAAXX100126.7,26,Cycle,Base Substitution,2,0.00,19.00,19.97,-0.97,BQSR
20GAVAAXX100126.7,27,Cycle,Base Substitution,2,0.00,36.00,36.25,-0.25,BQSR
20GAVAAXX100126.7,28,Cycle,Base Substitution,2,0.00,36.00,36.55,-0.55,BQSR
20GAVAAXX100126.7,-28,Cycle,Base Substitution,1,0.00,17.00,17.00,0.00,BQSR
20GAVAAXX100126.7,29,Cycle,Base Substitution,1,0.00,39.00,39.00,0.00,BQSR
20GAVAAXX100126.7,30,Cycle,Base Substitution,1,0.00,38.00,38.00,0.00,BQSR
20GAVAAXX100126.7,31,Cycle,Base Substitution,1,0.00,38.00,38.00,0.00,BQSR
20GAVAAXX100126.7,-31,Cycle,Base Substitution,1,0.00,36.00,36.00,0.00,BQSR
20GAVAAXX100126.7,32,Cycle,Base Substitution,1,0.00,38.00,38.00,0.00,BQSR
20GAVAAXX100126.7,33,Cycle,Base Substitution,1,0.00,37.00,37.00,0.00,BQSR
20GAVAAXX100126.7,34,Cycle,Base Substitution,2,0.00,38.00,38.47,-0.47,BQSR
20GAVAAXX100126.7,35,Cycle,Base Substitution,1,0.00,36.00,36.00,0.00,BQSR
20GAVAAXX100126.7,-35,Cycle,Base Substitution,1,0.00,18.00,18.00,0.00,BQSR
20GAVAAXX100126.7,36,Cycle,Base Substitution,2,0.00,30.00,30.68,-0.68,BQSR
20GAVAAXX100126.7,-36,Cycle,Base Substitution,1,0.00,34.00,34.00,0.00,BQSR
20GAVAAXX100126.7,37,Cycle,Base Substitution,1,0.00,37.00,37.00,0.00,BQSR
20GAVAAXX100126.7,38,Cycle,Base Substitution,1,0.00,38.00,38.00,0.00,BQSR
20GAVAAXX100126.7,39,Cycle,Base Substitution,1,0.00,37.00,37.00,0.00,BQSR
20GAVAAXX100126.7,40,Cycle,Base Substitution,1,0.00,38.00,38.00,0.00,BQSR
20GAVAAXX100126.7,41,Cycle,Base Substitution,1,0.00,38.00,38.00,0.00,BQSR
20GAVAAXX100126.7,42,Cycle,Base Substitution,1,0.00,37.00,37.00,0.00,BQSR
20GAVAAXX100126.7,43,Cycle,Base Substitution,1,0.00,38.00,38.00,0.00,BQSR
20GAVAAXX100126.7,44,Cycle,Base Substitution,2,0.00,31.00,31.37,-0.37,BQSR
20GAVAAXX100126.7,45,Cycle,Base Substitution,1,0.00,38.00,38.00,0.00,BQSR
20GAVAAXX100126.7,46,Cycle,Base Substitution,1,0.00,37.00,37.00,0.00,BQSR
20GAVAAXX100126.7,47,Cycle,Base Substitution,1,0.00,38.00,38.00,0.00,BQSR
20GAVAAXX100126.7,48,Cycle,Base Substitution,1,0.00,37.00,37.00,0.00,BQSR
20GAVAAXX100126.7,49,Cycle,Base Substitution,1,0.00,38.00,38.00,0.00,BQSR
20GAVAAXX100126.7,50,Cycle,Base Substitution,1,0.00,38.00,38.00,0.00,BQSR
20GAVAAXX100126.7,51,Cycle,Base Substitution,1,0.00,38.00,38.00,0.00,BQSR
20GAVAAXX100126.7,52,Cycle,Base Substitution,1,0.00,39.00,39.00,0.00,BQSR
20GAVAAXX100126.7,-52,Cycle,Base Substitution,1,0.00,36.00,36.00,0.00,BQSR
20GAVAAXX100126.7,53,Cycle,Base Substitution,2,0.00,30.00,30.60,-0.60,BQSR
20GAVAAXX100126.7,54,Cycle,Base Substitution,2,0.00,38.00,38.00,0.00,BQSR
20GAVAAXX100126.7,55,Cycle,Base Substitution,1,0.00,38.00,38.00,0.00,BQSR
20GAVAAXX100126.7,-55,Cycle,Base Substitution,1,0.00,7.00,7.00,0.00,BQSR
20GAVAAXX100126.7,56,Cycle,Base Substitution,1,0.00,38.00,38.00,0.00,BQSR
20GAVAAXX100126.7,57,Cycle,Base Substitution,1,0.00,38.00,38.00,0.00,BQSR
20GAVAAXX100126.7,58,Cycle,Base Substitution,2,0.00,37.00,37.47,-0.47,BQSR
20GAVAAXX100126.7,-58,Cycle,Base Substitution,1,0.00,30.00,30.00,0.00,BQSR
20GAVAAXX100126.7,59,Cycle,Base Substitution,2,0.00,37.00,37.89,-0.89,BQSR
20GAVAAXX100126.7,-59,Cycle,Base Substitution,1,0.00,22.00,22.00,0.00,BQSR
20GAVAAXX100126.7,60,Cycle,Base Substitution,3,0.00,36.00,36.76,-0.76,BQSR
20GAVAAXX100126.7,61,Cycle,Base Substitution,1,0.00,38.00,38.00,0.00,BQSR
20GAVAAXX100126.7,-61,Cycle,Base Substitution,1,0.00,29.00,29.00,0.00,BQSR
20GAVAAXX100126.7,62,Cycle,Base Substitution,1,0.00,39.00,39.00,0.00,BQSR
20GAVAAXX100126.7,63,Cycle,Base Substitution,1,0.00,38.00,38.00,0.00,BQSR
20GAVAAXX100126.7,64,Cycle,Base Substitution,1,0.00,38.00,38.00,0.00,BQSR
20GAVAAXX100126.7,65,Cycle,Base Substitution,1,0.00,38.00,38.00,0.00,BQSR
20GAVAAXX100126.7,-65,Cycle,Base Substitution,1,0.00,16.00,16.00,0.00,BQSR
20GAVAAXX100126.7,66,Cycle,Base Substitution,1,0.00,38.00,38.00,0.00,BQSR
20GAVAAXX100126.7,67,Cycle,Base Substitution,1,0.00,38.00,38.00,0.00,BQSR
20GAVAAXX100126.7,-67,Cycle,Base Substitution,1,0.00,39.00,39.00,0.00,BQSR
20GAVAAXX100126.7,-68,Cycle,Base Substitution,3,0.00,12.00,12.75,-0.75,BQSR
20GAVAAXX100126.7,-69,Cycle,Base Substitution,1,0.00,6.00,6.00,0.00,BQSR
20GAVAAXX100126.7,70,Cycle,Base Substitution,1,0.00,35.00,35.00,0.00,BQSR
20GAVAAXX100126.7,-71,Cycle,Base Substitution,1,0.00,24.00,24.00,0.00,BQSR
20GAVAAXX100126.7,-85,Cycle,Base Substitution,1,0.00,32.00,32.00,0.00,BQSR
20GAVAAXX100126.7,-86,Cycle,Base Substitution,1,0.00,31.00,31.00,0.00,BQSR
20GAVAAXX100126.7,-87,Cycle,Base Substitution,1,0.00,35.00,35.00,0.00,BQSR
20GAVAAXX100126.7,88,Cycle,Base Substitution,1,0.00,30.00,30.00,0.00,BQSR
20GAVAAXX100126.7,-94,Cycle,Base Substitution,1,0.00,19.00,19.00,0.00,BQSR
20GAVAAXX100126.7,6,QualityScore,Base Substitution,1,0.00,6.00,6.00,0.00,BQSR
20GAVAAXX100126.7,7,QualityScore,Base Substitution,1,0.00,7.00,7.00,0.00,BQSR
20GAVAAXX100126.7,8,QualityScore,Base Substitution,1,0.00,8.00,8.00,0.00,BQSR
20GAVAAXX100126.7,16,QualityScore,Base Substitution,1,0.00,16.00,16.00,0.00,BQSR
20GAVAAXX100126.7,17,QualityScore,Base Substitution,2,0.00,17.00,17.00,0.00,BQSR
20GAVAAXX100126.7,18,QualityScore,Base Substitution,1,0.00,18.00,18.00,0.00,BQSR
20GAVAAXX100126.7,19,QualityScore,Base Substitution,1,0.00,19.00,19.00,0.00,BQSR
20GAVAAXX100126.7,22,QualityScore,Base Substitution,1,0.00,22.00,22.00,0.00,BQSR
20GAVAAXX100126.7,24,QualityScore,Base Substitution,1,0.00,24.00,24.00,0.00,BQSR
20GAVAAXX100126.7,25,QualityScore,Base Substitution,1,0.00,25.00,25.00,0.00,BQSR
20GAVAAXX100126.7,28,QualityScore,Base Substitution,2,0.00,28.00,28.00,0.00,BQSR
20GAVAAXX100126.7,29,QualityScore,Base Substitution,3,0.00,29.00,29.00,0.00,BQSR
20GAVAAXX100126.7,30,QualityScore,Base Substitution,3,0.00,30.00,30.00,0.00,BQSR
20GAVAAXX100126.7,31,QualityScore,Base Substitution,1,0.00,31.00,31.00,0.00,BQSR
20GAVAAXX100126.7,32,QualityScore,Base Substitution,2,0.00,32.00,32.00,0.00,BQSR
20GAVAAXX100126.7,34,QualityScore,Base Substitution,3,0.00,34.00,34.00,0.00,BQSR
20GAVAAXX100126.7,35,QualityScore,Base Substitution,8,0.00,35.00,35.00,0.00,BQSR
20GAVAAXX100126.7,36,QualityScore,Base Substitution,5,0.00,36.00,36.00,0.00,BQSR
20GAVAAXX100126.7,37,QualityScore,Base Substitution,25,0.00,37.00,37.00,0.00,BQSR
20GAVAAXX100126.7,38,QualityScore,Base Substitution,37,0.00,38.00,38.00,0.00,BQSR
20GAVAAXX100126.7,39,QualityScore,Base Substitution,12,0.00,39.00,39.00,0.00,BQSR
20GAVAAXX100126.8,AA,Context,Base Substitution,2,0.00,30.00,30.37,-0.37,BQSR
20GAVAAXX100126.8,CA,Context,Base Substitution,7,0.00,16.00,16.41,-0.41,BQSR
20GAVAAXX100126.8,GA,Context,Base Substitution,3,0.00,10.00,10.76,-0.76,BQSR
20GAVAAXX100126.8,AC,Context,Base Substitution,1,0.00,36.00,36.00,0.00,BQSR
20GAVAAXX100126.8,GC,Context,Base Substitution,1,0.00,13.00,13.00,0.00,BQSR
20GAVAAXX100126.8,TC,Context,Base Substitution,2,0.00,17.00,17.60,-0.60,BQSR
20GAVAAXX100126.8,AG,Context,Base Substitution,3,0.00,12.00,12.71,-0.71,BQSR
20GAVAAXX100126.8,CG,Context,Base Substitution,1,0.00,25.00,25.00,0.00,BQSR
20GAVAAXX100126.8,TG,Context,Base Substitution,3,0.00,13.00,13.25,-0.25,BQSR
20GAVAAXX100126.8,AT,Context,Base Substitution,4,0.00,27.00,27.64,-0.64,BQSR
20GAVAAXX100126.8,CT,Context,Base Substitution,2,0.00,35.00,35.55,-0.55,BQSR
20GAVAAXX100126.8,GT,Context,Base Substitution,1,0.00,35.00,35.00,0.00,BQSR
20GAVAAXX100126.8,TT,Context,Base Substitution,8,0.00,14.00,14.66,-0.66,BQSR
20GAVAAXX100126.8,-5,Cycle,Base Substitution,1,0.00,9.00,9.00,0.00,BQSR
20GAVAAXX100126.8,-9,Cycle,Base Substitution,1,0.00,38.00,38.00,0.00,BQSR
20GAVAAXX100126.8,-10,Cycle,Base Substitution,1,0.00,38.00,38.00,0.00,BQSR
20GAVAAXX100126.8,-11,Cycle,Base Substitution,1,0.00,35.00,35.00,0.00,BQSR
20GAVAAXX100126.8,16,Cycle,Base Substitution,2,0.00,30.00,30.60,-0.60,BQSR
20GAVAAXX100126.8,-16,Cycle,Base Substitution,2,0.00,27.00,27.80,-0.80,BQSR
20GAVAAXX100126.8,22,Cycle,Base Substitution,1,0.00,39.00,39.00,0.00,BQSR
20GAVAAXX100126.8,-29,Cycle,Base Substitution,1,0.00,36.00,36.00,0.00,BQSR
20GAVAAXX100126.8,-34,Cycle,Base Substitution,2,0.00,8.00,8.98,-0.98,BQSR
20GAVAAXX100126.8,-35,Cycle,Base Substitution,2,0.00,16.00,16.25,-0.25,BQSR
20GAVAAXX100126.8,-36,Cycle,Base Substitution,1,0.00,6.00,6.00,0.00,BQSR
20GAVAAXX100126.8,42,Cycle,Base Substitution,1,0.00,33.00,33.00,0.00,BQSR
20GAVAAXX100126.8,43,Cycle,Base Substitution,1,0.00,34.00,34.00,0.00,BQSR
20GAVAAXX100126.8,44,Cycle,Base Substitution,2,0.00,38.00,38.47,-0.47,BQSR
20GAVAAXX100126.8,45,Cycle,Base Substitution,1,0.00,38.00,38.00,0.00,BQSR
20GAVAAXX100126.8,-51,Cycle,Base Substitution,1,0.00,27.00,27.00,0.00,BQSR
20GAVAAXX100126.8,-53,Cycle,Base Substitution,1,0.00,38.00,38.00,0.00,BQSR
20GAVAAXX100126.8,54,Cycle,Base Substitution,1,0.00,36.00,36.00,0.00,BQSR
20GAVAAXX100126.8,-54,Cycle,Base Substitution,1,0.00,30.00,30.00,0.00,BQSR
20GAVAAXX100126.8,55,Cycle,Base Substitution,1,0.00,35.00,35.00,0.00,BQSR
20GAVAAXX100126.8,-55,Cycle,Base Substitution,1,0.00,39.00,39.00,0.00,BQSR
20GAVAAXX100126.8,56,Cycle,Base Substitution,1,0.00,36.00,36.00,0.00,BQSR
20GAVAAXX100126.8,-57,Cycle,Base Substitution,1,0.00,8.00,8.00,0.00,BQSR
20GAVAAXX100126.8,-58,Cycle,Base Substitution,1,0.00,8.00,8.00,0.00,BQSR
20GAVAAXX100126.8,63,Cycle,Base Substitution,1,0.00,35.00,35.00,0.00,BQSR
20GAVAAXX100126.8,-65,Cycle,Base Substitution,1,0.00,23.00,23.00,0.00,BQSR
20GAVAAXX100126.8,-67,Cycle,Base Substitution,1,0.00,30.00,30.00,0.00,BQSR
20GAVAAXX100126.8,68,Cycle,Base Substitution,1,0.00,17.00,17.00,0.00,BQSR
20GAVAAXX100126.8,-68,Cycle,Base Substitution,1,0.00,13.00,13.00,0.00,BQSR
20GAVAAXX100126.8,77,Cycle,Base Substitution,1,0.00,39.00,39.00,0.00,BQSR
20GAVAAXX100126.8,78,Cycle,Base Substitution,1,0.00,36.00,36.00,0.00,BQSR
20GAVAAXX100126.8,79,Cycle,Base Substitution,1,0.00,39.00,39.00,0.00,BQSR
20GAVAAXX100126.8,84,Cycle,Base Substitution,1,0.00,25.00,25.00,0.00,BQSR
20GAVAAXX100126.8,6,QualityScore,Base Substitution,2,0.00,6.00,6.00,0.00,BQSR
20GAVAAXX100126.8,8,QualityScore,Base Substitution,2,0.00,8.00,8.00,0.00,BQSR
20GAVAAXX100126.8,9,QualityScore,Base Substitution,1,0.00,9.00,9.00,0.00,BQSR
20GAVAAXX100126.8,13,QualityScore,Base Substitution,1,0.00,13.00,13.00,0.00,BQSR
20GAVAAXX100126.8,15,QualityScore,Base Substitution,1,0.00,15.00,15.00,0.00,BQSR
20GAVAAXX100126.8,17,QualityScore,Base Substitution,1,0.00,17.00,17.00,0.00,BQSR
20GAVAAXX100126.8,18,QualityScore,Base Substitution,1,0.00,18.00,18.00,0.00,BQSR
20GAVAAXX100126.8,23,QualityScore,Base Substitution,1,0.00,23.00,23.00,0.00,BQSR
20GAVAAXX100126.8,25,QualityScore,Base Substitution,2,0.00,25.00,25.00,0.00,BQSR
20GAVAAXX100126.8,27,QualityScore,Base Substitution,1,0.00,27.00,27.00,0.00,BQSR
20GAVAAXX100126.8,28,QualityScore,Base Substitution,2,0.00,28.00,28.00,0.00,BQSR
20GAVAAXX100126.8,30,QualityScore,Base Substitution,2,0.00,30.00,30.00,0.00,BQSR
20GAVAAXX100126.8,33,QualityScore,Base Substitution,1,0.00,33.00,33.00,0.00,BQSR
20GAVAAXX100126.8,34,QualityScore,Base Substitution,1,0.00,34.00,34.00,0.00,BQSR
20GAVAAXX100126.8,35,QualityScore,Base Substitution,3,0.00,35.00,35.00,0.00,BQSR
20GAVAAXX100126.8,36,QualityScore,Base Substitution,4,0.00,36.00,36.00,0.00,BQSR
20GAVAAXX100126.8,38,QualityScore,Base Substitution,7,0.00,38.00,38.00,0.00,BQSR
20GAVAAXX100126.8,39,QualityScore,Base Substitution,5,0.00,39.00,39.00,0.00,BQSR
