@HD	VN:1.6
@SQ	SN:17	LN:1000000
@RG	ID:GATKCopyNumber	SM:NA12878
CONTIG	POSITION	REF_COUNT	ALT_COUNT	REF_NUCLEOTIDE	ALT_NUCLEOTIDE
17	69000	1	0	T	N
17	69001	1	0	T	N
17	69002	1	0	T	N
17	69003	1	0	T	N
17	69004	1	0	T	N
17	69005	1	0	T	N
17	69006	1	0	T	N
17	69007	1	0	T	N
17	69008	1	0	T	N
17	69009	1	0	G	N
17	69010	1	0	A	N
17	69011	1	0	G	N
17	69012	1	0	A	N
17	69013	1	0	T	N
17	69014	1	0	G	N
17	69015	1	0	G	N
17	69016	1	0	A	N
17	69017	1	0	G	N
17	69018	1	0	T	N
17	69019	1	0	C	N
17	69020	1	0	T	N
17	69021	1	0	T	N
17	69022	1	0	G	N
17	69023	1	0	A	N
17	69024	1	0	T	N
17	69025	1	0	C	N
17	69026	1	0	T	N
17	69027	1	0	G	N
17	69028	1	0	T	N
17	69029	1	0	C	N
17	69030	1	0	G	N
17	69031	1	0	C	N
17	69032	2	0	C	N
17	69033	2	0	A	N
17	69034	2	0	G	N
17	69035	2	0	G	N
17	69036	2	0	C	N
17	69037	2	0	T	N
17	69038	3	0	G	N
17	69039	3	0	G	N
17	69040	3	0	A	N
17	69041	3	0	G	N
17	69042	3	0	T	N
17	69043	3	0	T	N
17	69044	3	0	C	N
17	69045	3	0	A	N
17	69046	3	0	G	N
17	69047	3	0	T	N
17	69048	3	0	G	N
17	69049	3	0	A	N
17	69050	3	0	T	N
17	69051	3	0	G	N
17	69052	3	0	C	N
17	69053	3	0	A	N
17	69054	3	0	A	N
17	69055	3	0	T	N
17	69056	3	0	C	N
17	69057	3	0	T	N
17	69058	3	0	G	N
17	69059	2	0	G	N
17	69060	3	0	G	N
17	69061	3	0	C	N
17	69062	3	0	T	N
17	69063	3	0	C	N
17	69064	3	0	A	N
17	69065	2	0	C	N
17	69066	2	0	A	N
17	69067	0	2	T	G
17	69068	1	0	C	N
17	69069	1	0	A	N
17	69070	1	0	A	N
17	69071	1	0	C	N
17	69072	1	0	C	N
17	69073	2	0	T	N
17	69074	2	0	C	N
17	69075	2	0	C	N
17	69076	2	0	A	N
17	69077	1	0	C	N
17	69078	1	0	C	N
17	69079	1	0	C	N
17	69080	1	0	C	N
17	69081	1	0	C	N
17	69082	2	0	T	N
17	69083	2	0	G	N
17	69084	2	0	G	N
17	69085	1	0	A	N
17	69086	2	0	T	N
17	69087	2	0	T	N
17	69088	2	0	C	N
17	69089	2	0	A	N
17	69090	2	0	G	N
17	69091	1	0	G	N
17	69092	2	0	C	N
17	69093	2	0	A	N
17	69094	2	0	A	N
17	69095	2	0	T	N
17	69096	2	0	T	N
17	69097	1	0	C	N
17	69098	2	0	T	N
17	69099	2	0	C	N
17	69100	2	0	C	N
17	69101	2	0	T	N
17	69102	2	0	G	N
17	69103	1	0	T	N
17	69104	1	0	C	N
17	69105	1	0	T	N
17	69106	1	0	C	N
17	69107	2	0	A	N
17	69108	2	0	G	N
17	69109	2	0	C	N
17	69110	2	0	C	N
17	69111	2	0	T	N
17	69112	2	0	C	N
17	69113	2	0	C	N
17	69114	1	0	C	N
17	69115	1	0	A	N
17	69116	1	0	A	N
17	69117	1	0	G	N
17	69118	1	0	T	N
17	69119	1	0	A	N
17	69120	1	0	G	N
17	69121	1	0	C	N
17	69122	1	0	T	N
17	69123	1	0	G	N
17	69124	0	1	G	T
17	69125	1	0	G	N
17	69126	1	0	A	N
17	69127	1	0	T	N
17	69128	1	0	T	N
17	69129	1	0	A	N
17	69130	1	0	C	N
17	69131	1	0	A	N
17	69132	1	0	G	N
17	69133	1	0	G	N
17	69134	1	0	C	N
17	69135	1	0	A	N
17	69136	1	0	C	N
17	69137	1	0	C	N
17	69138	1	0	C	N
17	69139	1	0	G	N
17	69140	1	0	C	N
17	69141	1	0	C	N
17	69142	1	0	A	N
17	69143	1	0	C	N
17	69144	1	0	C	N
17	69145	1	0	A	N
17	69146	2	0	C	N
17	69147	2	0	A	N
17	69148	2	0	C	N
17	69149	3	0	C	N
17	69150	3	0	C	N
17	69151	3	0	A	N
17	69152	3	0	G	N
17	69153	3	0	C	N
17	69154	3	0	T	N
17	69155	3	0	A	N
17	69156	3	0	A	N
17	69157	3	0	T	N
17	69158	3	0	T	N
17	69159	3	0	T	N
17	69160	3	0	T	N
17	69161	3	0	C	N
17	69162	3	0	A	N
17	69163	3	0	T	N
17	69164	2	0	A	N
17	69165	3	0	T	N
17	69166	3	0	T	N
17	69167	3	0	T	N
17	69168	3	0	T	N
17	69169	3	0	T	N
17	69170	3	0	A	N
17	69171	3	0	G	N
17	69172	3	0	T	N
17	69173	3	0	A	N
17	69174	3	0	G	N
17	69175	2	0	A	N
17	69176	3	0	G	N
17	69177	3	0	G	N
17	69178	3	0	T	N
17	69179	3	0	G	N
17	69180	3	0	G	N
17	69181	2	0	G	N
17	69182	3	0	G	N
17	69183	2	0	T	N
17	69184	2	0	T	N
17	69185	2	0	T	N
17	69186	2	0	C	N
17	69187	2	0	A	N
17	69188	2	0	C	N
17	69189	2	0	C	N
17	69190	2	0	A	N
17	69191	2	0	T	N
17	69192	2	0	G	N
17	69193	2	0	T	N
17	69194	2	0	T	N
17	69195	2	0	G	N
17	69196	2	0	G	N
17	69197	2	0	G	N
17	69198	2	0	C	N
17	69199	2	0	A	N
17	69200	2	0	A	N
17	69201	2	0	G	N
17	69202	2	0	A	N
17	69203	2	0	T	N
17	69204	2	0	G	N
17	69205	2	0	G	N
17	69206	2	0	T	N
17	69207	2	0	C	N
17	69208	2	0	T	N
17	69209	2	0	C	N
17	69210	2	0	A	N
17	69211	1	0	A	N
17	69212	1	0	T	N
17	69213	0	0	C	N
17	69214	0	0	T	N
17	69215	0	0	C	N
17	69216	0	0	C	N
17	69217	0	0	T	N
17	69218	0	0	G	N
17	69219	0	0	A	N
17	69220	0	0	C	N
17	69221	0	0	C	N
17	69222	0	0	T	N
17	69223	0	0	C	N
17	69224	0	0	A	N
17	69225	0	0	T	N
17	69226	0	0	G	N
17	69227	0	0	A	N
17	69228	0	0	T	N
17	69229	0	0	C	N
17	69230	0	0	T	N
17	69231	0	0	G	N
17	69232	0	0	C	N
17	69233	1	0	C	N
17	69234	1	0	C	N
17	69235	0	0	A	N
17	69236	1	0	C	N
17	69237	1	0	C	N
17	69238	1	0	C	N
17	69239	1	0	C	N
17	69240	0	1	G	A
17	69241	1	0	G	N
17	69242	1	0	C	N
17	69243	1	0	C	N
17	69244	0	0	T	N
17	69245	1	0	C	N
17	69246	1	0	C	N
17	69247	1	0	T	N
17	69248	1	0	A	N
17	69249	1	0	A	N
17	69250	1	0	A	N
17	69251	0	0	G	N
17	69252	0	0	T	N
17	69253	1	0	G	N
17	69254	1	0	C	N
17	69255	1	0	T	N
17	69256	1	0	G	N
17	69257	1	0	G	N
17	69258	1	0	G	N
17	69259	1	0	A	N
17	69260	1	0	T	N
17	69261	1	0	T	N
17	69262	1	0	A	N
17	69263	1	0	C	N
17	69264	1	0	A	N
17	69265	1	0	G	N
17	69266	1	0	A	N
17	69267	1	0	C	N
17	69268	1	0	A	N
17	69269	1	0	T	N
17	69270	1	0	A	N
17	69271	1	0	A	N
17	69272	1	0	G	N
17	69273	1	0	C	N
17	69274	1	0	C	N
17	69275	1	0	A	N
17	69276	1	0	C	N
17	69277	1	0	T	N
17	69278	1	0	G	N
17	69279	1	0	T	N
17	69280	0	1	G	A
17	69281	1	0	C	N
17	69282	1	0	C	N
17	69283	1	0	C	N
17	69284	1	0	G	N
17	69285	0	0	G	N
17	69286	0	0	C	N
17	69287	0	0	C	N
17	69288	0	0	T	N
17	69289	0	0	A	N
17	69290	0	0	A	N
17	69291	0	0	T	N
17	69292	0	0	A	N
17	69293	0	0	G	N
17	69294	0	0	T	N
17	69295	0	0	T	N
17	69296	0	0	T	N
17	69297	0	0	C	N
17	69298	0	0	A	N
17	69299	0	0	T	N
17	69300	0	0	T	N
17	69301	0	0	T	N
17	69302	0	0	C	N
17	69303	0	0	T	N
17	69304	0	0	T	N
17	69305	0	0	T	N
17	69306	0	0	T	N
17	69307	0	0	C	N
17	69308	0	0	T	N
17	69309	0	0	T	N
17	69310	0	0	T	N
17	69311	0	0	T	N
17	69312	0	0	T	N
17	69313	0	0	C	N
17	69314	0	0	T	N
17	69315	0	0	T	N
17	69316	0	0	C	N
17	69317	0	0	C	N
17	69318	0	0	T	N
17	69319	0	0	T	N
17	69320	0	0	T	N
17	69321	0	0	T	N
17	69322	0	0	T	N
17	69323	0	0	T	N
17	69324	1	0	T	N
17	69325	1	0	T	N
17	69326	1	0	T	N
17	69327	2	0	T	N
17	69328	5	0	T	N
17	69329	7	0	T	N
17	69330	8	0	T	N
17	69331	9	0	T	N
17	69332	10	0	T	N
17	69333	13	0	T	N
17	69334	16	0	G	N
17	69335	18	0	A	N
17	69336	21	0	G	N
17	69337	22	0	A	N
17	69338	22	0	T	N
17	69339	23	0	G	N
17	69340	22	0	G	N
17	69341	25	0	A	N
17	69342	26	0	G	N
17	69343	26	0	T	N
17	69344	26	0	T	N
17	69345	25	0	T	N
17	69346	29	0	C	N
17	69347	31	0	G	N
17	69348	31	0	C	N
17	69349	31	0	T	N
17	69350	31	0	C	N
17	69351	32	0	C	N
17	69352	36	0	T	N
17	69353	36	0	G	N
17	69354	37	0	T	N
17	69355	38	0	T	N
17	69356	35	0	G	N
17	69357	39	0	C	N
17	69358	38	0	C	N
17	69359	37	0	C	N
17	69360	37	0	A	N
17	69361	41	0	G	N
17	69362	42	0	G	N
17	69363	43	0	C	N
17	69364	43	0	T	N
17	69365	45	0	G	N
17	69366	43	0	G	N
17	69367	45	0	A	N
17	69368	20	24	G	C
17	69369	43	0	T	N
17	69370	42	0	G	N
17	69371	43	0	C	N
17	69372	45	0	A	N
17	69373	44	0	C	N
17	69374	46	0	C	N
17	69375	47	0	G	N
17	69376	48	0	T	N
17	69377	50	0	G	N
17	69378	53	0	C	N
17	69379	52	0	C	N
17	69380	54	0	C	N
17	69381	59	0	G	N
17	69382	61	0	G	N
17	69383	61	0	C	N
17	69384	62	0	C	N
17	69385	63	0	A	N
17	69386	64	0	A	N
17	69387	64	0	T	N
17	69388	65	1	A	C
17	69389	66	0	A	N
17	69390	68	0	G	N
17	69391	66	0	C	N
17	69392	69	0	A	N
17	69393	71	0	G	N
17	69394	70	0	C	N
17	69395	74	0	A	N
17	69396	73	0	T	N
17	69397	76	0	T	N
17	69398	79	0	T	N
17	69399	78	0	C	N
17	69400	81	0	A	N
17	69401	78	0	C	N
17	69402	82	0	T	N
17	69403	81	0	C	N
17	69404	75	0	C	N
17	69405	71	0	C	N
17	69406	73	0	C	N
17	69407	74	0	A	N
17	69408	73	0	C	N
17	69409	70	0	C	N
17	69410	67	0	T	N
17	69411	69	0	T	N
17	69412	66	0	A	N
17	69413	66	0	C	N
17	69414	66	0	C	N
17	69415	67	0	T	N
17	69416	65	0	G	N
17	69417	65	0	A	N
17	69418	67	0	C	N
17	69419	68	0	T	N
17	69420	68	1	C	A
17	69421	72	0	C	N
17	69422	71	0	T	N
17	69423	73	0	T	N
17	69424	75	0	C	N
17	69425	76	0	C	N
17	69426	83	0	A	N
17	69427	85	0	G	N
17	69428	86	0	G	N
17	69429	85	0	G	N
17	69430	85	0	T	N
17	69431	86	0	T	N
17	69432	88	0	T	N
17	69433	90	0	G	N
17	69434	92	0	T	N
17	69435	94	0	C	N
17	69436	95	0	G	N
17	69437	98	0	C	N
17	69438	95	0	C	N
17	69439	103	0	T	N
17	69440	101	0	T	N
17	69441	102	0	T	N
17	69442	102	0	C	N
17	69443	100	0	C	N
17	69444	104	0	G	N
17	69445	101	0	G	N
17	69446	101	0	T	N
17	69447	108	0	C	N
17	69448	105	0	C	N
17	69449	107	0	C	N
17	69450	109	0	T	N
17	69451	109	0	G	N
17	69452	106	0	A	N
17	69453	110	0	C	N
17	69454	101	0	C	N
17	69455	107	1	C	A
17	69456	106	0	C	N
17	69457	103	0	A	N
17	69458	107	0	G	N
17	69459	107	0	T	N
17	69460	111	0	G	N
17	69461	110	0	G	N
17	69462	110	0	A	N
17	69463	105	0	T	N
17	69464	113	0	G	N
17	69465	109	0	G	N
17	69466	106	0	G	N
17	69467	101	0	A	N
17	69468	105	1	G	T
17	69469	94	0	T	N
17	69470	107	0	C	N
17	69471	102	0	T	N
17	69472	107	0	G	N
17	69473	108	0	T	N
17	69474	106	0	C	N
17	69475	106	0	C	N
17	69476	103	0	T	N
17	69477	108	0	C	N
17	69478	106	0	T	N
17	69479	106	0	A	N
17	69480	105	0	G	N
17	69481	106	0	G	N
17	69482	108	0	C	N
17	69483	103	0	T	N
17	69484	107	0	G	N
17	69485	106	1	G	T
17	69486	77	0	A	N
17	69487	94	0	G	N
17	69488	93	0	G	N
17	69489	74	1	A	T
17	69490	81	0	G	N
17	69491	77	0	C	N
17	69492	81	0	T	N
17	69493	86	0	A	N
17	69494	86	0	A	N
17	69495	84	0	G	N
17	69496	84	0	A	N
17	69497	78	0	T	N
17	69498	87	0	C	N
17	69499	84	0	C	N
17	69500	88	0	G	N
